make,model,price,year,mileage,engine,extCol,intCol,trans,dtype,mpgCity,mpgHw,condition
Honda,HR-V,21991.0,2018,8490,4 Cyl,Red,Black,Automatic,AWD,27,31,Used
Honda,CR-V,22999.0,2019,5452,4 Cyl,Unspecified,Unspecified,Automatic,AWD,25,31,Used
Honda,Civic,17393.0,2016,32486,4 Cyl,Red,Black,Automatic,FWD,31,42,Used
Honda,CR-V,25999.0,2018,2234,4 Cyl,Red,Unspecified,Automatic,FWD,28,34,Used
Honda,Civic,17989.0,2017,16288,4 Cyl,Blue,Black,Automatic,FWD,31,40,Used
Honda,Pilot,27999.0,2017,25213,6 Cyl,Gray,Black,Automatic,FWD,19,27,Used
Honda,Civic,17000.0,2017,24950,4 Cyl,Blue,Unspecified,Automatic,FWD,31,40,Used
Honda,Civic,18981.0,2019,18255,4 Cyl,White,Black,Automatic,FWD,29,37,Used
Honda,Accord,27818.0,2018,16402,4 Cyl,Black,Tan,Automatic,FWD,23,34,Used
Honda,Civic,16491.0,2016,43017,4 Cyl,Silver,Black,Automatic,FWD,31,42,Used
Honda,Civic,9999.0,2015,86063,4 Cyl,Black,Black,Automatic,FWD,29,37,Used
Honda,Civic,15741.0,2016,48050,4 Cyl,Red,Black,Automatic,FWD,30,40,Used
Honda,Ridgeline,26000.0,2017,53474,6 Cyl,White,Black,Automatic,AWD,18,25,Used
Honda,Civic,18781.0,2018,18868,4 Cyl,Gray,Black,Automatic,FWD,32,42,Used
Honda,Civic,16991.0,2017,20229,4 Cyl,Silver,Black,Automatic,FWD,31,40,Used
Honda,Accord,16500.0,2017,25993,4 Cyl,Brown,Unspecified,Automatic,FWD,26,34,Used
Honda,Pilot,31658.0,2017,22010,6 Cyl,Black,Black,Automatic,FWD,19,27,Used
Honda,Pilot,15597.0,2011,101000,6 Cyl,White,Gray,Automatic,4WD,16,22,Used
Honda,Civic,20995.0,2018,12556,4 Cyl,Gray,Gray,Manual,FWD,28,38,Used
Honda,Accord,18481.0,2017,41723,4 Cyl,White,Black,Automatic,FWD,26,34,Used
Honda,HR-V,21000.0,2019,4868,4 Cyl,Silver,Gray,Automatic,FWD,28,34,Used
Honda,Fit,4927.0,2008,141262,4 Cyl,Silver,Gray,Automatic,FWD,27,33,Used
Honda,Civic,16500.0,2018,15814,4 Cyl,White,Unspecified,Automatic,FWD,31,40,Used
Honda,CR-V,23900.0,2017,28214,4 Cyl,Beige,Unspecified,Automatic,FWD,28,34,Used
Honda,Civic,20495.0,2018,9657,4 Cyl,Black,Black,Automatic,FWD,32,42,Used
Honda,Pilot,30842.0,2018,10801,6 Cyl,Green,Tan,Automatic,AWD,18,26,Used
Honda,Civic,20900.0,2018,16845,4 Cyl,White,Black,Manual,FWD,28,38,Used
Honda,Civic,16491.0,2017,20006,4 Cyl,Silver,Black,Automatic,FWD,31,40,Used
Honda,CR-V,15982.0,2014,50189,4 Cyl,Unspecified,Unspecified,Automatic,AWD,22,29,Used
Honda,Civic,16242.0,2018,38192,4 Cyl,Blue,Black,Automatic,FWD,31,40,Used
Honda,Civic,17217.0,2017,21867,4 Cyl,Gray,Black,Automatic,FWD,31,40,Used
Honda,Fit,12899.0,2016,33727,4 Cyl,Black,Black,Automatic,FWD,32,37,Used
Honda,Accord,20859.0,2017,11949,4 Cyl,Red,Black,Automatic,FWD,26,34,Used
Honda,Accord,21999.0,2017,29327,6 Cyl,Unspecified,Unspecified,Automatic,FWD,21,32,Used
Honda,CR-V,14988.0,2015,34536,4 Cyl,Red,Tan,Automatic,FWD,27,33,Used
Honda,Odyssey,4950.0,2004,135185,6 Cyl,Blue,Gray,Automatic,FWD,16,23,Used
Honda,Fit,13988.0,2018,44383,4 Cyl,White,Black,Automatic,FWD,31,36,Used
Honda,Civic,16981.0,2017,27566,4 Cyl,Black,Black,Automatic,FWD,31,40,Used
Honda,Accord,16981.0,2017,22428,4 Cyl,Black,Black,Automatic,FWD,26,34,Used
Honda,Accord,16900.0,2017,63796,4 Cyl,Blue,Unspecified,Automatic,FWD,26,34,Used
Honda,Accord,22918.0,2017,8164,6 Cyl,Beige,Tan,Automatic,FWD,21,32,Used
Honda,HR-V,20500.0,2018,22202,4 Cyl,White,Unspecified,Automatic,AWD,27,31,Used
Honda,Civic,20572.0,2018,19290,4 Cyl,Red,Black,Manual,FWD,28,38,Used
Honda,CR-V,16718.0,2016,47608,4 Cyl,Black,Black,Automatic,AWD,25,31,Used
Honda,Accord,26997.0,2019,3021,4 Cyl,White,Unspecified,Automatic,FWD,48,48,Used
Honda,Civic,17991.0,2018,10603,4 Cyl,Gray,Black,Automatic,FWD,31,40,Used
Honda,Accord,23486.0,2018,14328,4 Cyl,Blue,Black,Automatic,FWD,22,32,Used
Honda,Fit,12500.0,2017,85884,4 Cyl,White,Black,Automatic,FWD,32,37,Used
Honda,Civic,17991.0,2018,12832,4 Cyl,White,White,Automatic,FWD,31,40,Used
Honda,Pilot,20192.0,2016,113548,6 Cyl,Blue,Gray,Automatic,AWD,18,25,Used
Honda,Clarity,23232.0,2018,40544,4 Cyl,Gray,Black,Automatic,FWD,44,40,Used
Honda,Civic,17991.0,2018,12832,4 Cyl,White,White,Automatic,FWD,31,40,Used
Honda,Accord,21992.0,2017,22923,6 Cyl,Gray,Gray,Automatic,FWD,21,32,Used
Honda,Civic,19791.0,2018,15016,4 Cyl,Black,Black,Automatic,FWD,30,36,Used
Honda,Civic,19988.0,2018,20248,4 Cyl,Blue,Black,Automatic,FWD,32,42,Used
Honda,CR-V,8995.0,2013,190480,4 Cyl,Gray,Gray,Automatic,AWD,22,29,Used
Honda,CR-V,18918.0,2017,55265,4 Cyl,Silver,Unspecified,Automatic,FWD,28,34,Used
Honda,Civic,11988.0,2016,64553,4 Cyl,Gray,Gray,Automatic,FWD,30,40,Used
Honda,Pilot,15988.0,2012,105961,6 Cyl,Black,Black,Automatic,4WD,17,24,Used
Honda,Civic,15918.0,2017,39848,4 Cyl,Silver,Black,Automatic,FWD,31,40,Used
Honda,Accord,17392.0,2018,55237,4 Cyl,Gold,Tan,Automatic,FWD,29,35,Used
Honda,Civic,15691.0,2016,36337,4 Cyl,Gray,Unspecified,Automatic,FWD,31,42,Used
Honda,CR-V,27990.0,2018,26363,4 Cyl,White,Tan,Automatic,AWD,27,33,Used
Honda,CR-V,18588.0,2016,36223,4 Cyl,Gray,Gray,Automatic,FWD,26,32,Used
Honda,Civic,4995.0,2009,147578,4 Cyl,Blue,Gray,Automatic,FWD,40,45,Used
Honda,Accord,16499.0,2017,22460,4 Cyl,Silver,Black,Automatic,FWD,26,34,Used
Honda,Civic,17599.0,2016,24060,4 Cyl,Silver,Unspecified,Automatic,FWD,30,40,Used
Honda,Civic,19991.0,2018,11759,4 Cyl,Black,Black,Automatic,FWD,31,40,Used
Honda,Accord,20991.0,2016,24635,6 Cyl,Gray,Gray,Automatic,FWD,21,33,Used
Honda,Civic,18995.0,2016,17814,4 Cyl,Silver,Black,Automatic,FWD,31,41,Used
Honda,Accord,19192.0,2018,24853,4 Cyl,Gray,Black,Automatic,FWD,29,35,Used
Honda,CR-V,25329.0,2017,34944,4 Cyl,Unspecified,Unspecified,Automatic,AWD,27,33,Used
Honda,Accord,19918.0,2016,32871,4 Cyl,Silver,Unspecified,Automatic,FWD,26,34,Used
Honda,Civic,15900.0,2017,27828,4 Cyl,Silver,Unspecified,Automatic,FWD,31,40,Used
Honda,Pilot,28999.0,2016,48841,6 Cyl,Gray,Unspecified,Automatic,AWD,18,25,Used
Honda,CR-V,19900.0,2017,63673,4 Cyl,Blue,Gray,Automatic,FWD,28,34,Used
Honda,Pilot,29918.0,2016,20709,6 Cyl,Silver,Unspecified,Automatic,AWD,18,25,Used
Honda,Pilot,32000.0,2018,14178,6 Cyl,Green,Tan,Automatic,AWD,18,26,Used
Honda,Civic,15988.0,2018,43761,4 Cyl,Gray,Gray,Automatic,FWD,31,40,Used
Honda,Accord,13981.0,2015,57662,4 Cyl,Black,Black,Automatic,FWD,26,34,Used
Honda,Pilot,34918.0,2017,12743,6 Cyl,White,Unspecified,Automatic,AWD,18,26,Used
Honda,Fit,14488.0,2015,20039,4 Cyl,Gray,Unspecified,Automatic,FWD,32,37,Used
Honda,CR-V,19397.0,2017,48458,4 Cyl,Gray,Unspecified,Automatic,FWD,28,34,Used
Honda,Civic,13989.0,2017,84328,4 Cyl,Blue,Unspecified,Automatic,FWD,31,40,Used
Honda,Civic,18690.0,2018,11322,4 Cyl,Silver,Black,Automatic,FWD,30,36,Used
Honda,Civic,19947.0,2018,31890,4 Cyl,Silver,Black,Manual,FWD,28,38,Used
Honda,Pilot,27991.0,2016,35865,6 Cyl,Black,Gray,Automatic,AWD,18,25,Used
Honda,CR-V,21991.0,2016,29795,4 Cyl,Red,Tan,Automatic,AWD,25,31,Used
Honda,Fit,15991.0,2019,24819,4 Cyl,Black,Unspecified,Automatic,FWD,31,36,Used
Honda,Ridgeline,33991.0,2017,30826,6 Cyl,Black,Black,Automatic,AWD,18,25,Used
Honda,Civic,19991.0,2018,13810,4 Cyl,Gray,Black,Automatic,FWD,31,40,Used
Honda,CR-V,19777.0,2018,54567,4 Cyl,Silver,Black,Automatic,FWD,28,34,Used
Honda,Ridgeline,26900.0,2017,52239,6 Cyl,Gray,Black,Automatic,AWD,18,25,Used
Honda,Civic,19990.0,2018,7892,4 Cyl,Red,Tan,Automatic,FWD,31,40,Used
Honda,Civic,18500.0,2017,44118,4 Cyl,White,Black,Automatic,FWD,31,40,Used
Honda,CR-V,23888.0,2017,28770,4 Cyl,Gray,Gray,Automatic,FWD,28,34,Used
Honda,CR-V,20999.0,2016,6701,4 Cyl,Gray,Gray,Automatic,FWD,26,32,Used
Honda,Ridgeline,34497.0,2017,15468,6 Cyl,Black,Black,Automatic,AWD,18,25,Used
Honda,Civic,15500.0,2017,29465,4 Cyl,Red,Unspecified,Automatic,FWD,31,40,Used
Honda,Odyssey,9995.0,2010,91890,6 Cyl,Gray,Gray,Automatic,FWD,16,23,Used
Honda,Fit,10742.0,2017,63853,4 Cyl,Silver,Black,Manual,FWD,29,36,Used
Honda,Pilot,30544.0,2018,28863,6 Cyl,White,Black,Automatic,AWD,18,26,Used
Honda,CR-V,21981.0,2019,14016,4 Cyl,Gray,Black,Automatic,FWD,26,32,Used
Honda,Civic,19981.0,2019,8932,4 Cyl,Black,Black,Automatic,FWD,30,36,Used
Honda,CR-V,20593.0,2018,22979,4 Cyl,Gray,Black,Automatic,FWD,26,32,Used
Honda,Civic,17257.0,2019,11865,4 Cyl,Blue,Black,Automatic,FWD,29,37,Used
Honda,Odyssey,18198.0,2016,73535,6 Cyl,White,Gray,Automatic,FWD,19,27,Used
Honda,Civic,8450.0,2013,102937,4 Cyl,Black,Black,Automatic,FWD,28,39,Used
Honda,Civic,19897.0,2017,22744,4 Cyl,Silver,Black,Automatic,FWD,31,40,Used
Honda,Accord,5699.0,2003,98634,6 Cyl,Gold,Tan,Automatic,FWD,19,27,Used
Honda,Accord,19798.0,2017,46336,4 Cyl,Silver,Black,Automatic,FWD,49,47,Used
Honda,CR-V,19988.0,2016,34439,4 Cyl,White,Unspecified,Automatic,AWD,25,31,Used
Honda,Civic,10795.0,2014,60163,4 Cyl,Red,Tan,Automatic,FWD,29,37,Used
Honda,HR-V,16750.0,2017,19453,4 Cyl,Blue,Tan,Automatic,FWD,28,34,Used
Honda,CR-V,10881.0,2014,135861,4 Cyl,Blue,Tan,Automatic,FWD,23,30,Used
Honda,Ridgeline,29988.0,2018,33288,6 Cyl,White,Black,Automatic,AWD,18,25,Used
Honda,CR-V,22994.0,2018,16641,4 Cyl,Unspecified,Unspecified,Automatic,FWD,28,34,Used
Honda,CR-V,16488.0,2016,30239,4 Cyl,Gray,Gray,Automatic,FWD,26,32,Used
Honda,Accord,11988.0,2012,99954,6 Cyl,Unspecified,Unspecified,Automatic,FWD,20,30,Used
Honda,Ridgeline,18981.0,2013,63981,6 Cyl,White,Black,Automatic,4WD,16,21,Used
Honda,Civic,20981.0,2018,14039,4 Cyl,Black,Black,Automatic,FWD,32,42,Used
Honda,Pilot,25981.0,2017,23649,6 Cyl,Gray,Gray,Automatic,FWD,19,27,Used
Honda,Pilot,31981.0,2019,13278,6 Cyl,Gray,Gray,Automatic,FWD,19,27,Used
Honda,Accord,16688.0,2017,63241,4 Cyl,Blue,Black,Automatic,FWD,26,34,Used
Honda,Civic,18922.0,2018,32591,4 Cyl,Unspecified,Unspecified,Manual,FWD,29,38,Used
Honda,Accord,16688.0,2017,63241,4 Cyl,Blue,Black,Automatic,FWD,26,34,Used
Honda,Civic,18922.0,2018,32591,4 Cyl,Unspecified,Unspecified,Manual,FWD,29,38,Used
Honda,CR-V,15488.0,2014,55552,4 Cyl,Unspecified,Unspecified,Automatic,FWD,23,30,Used
Honda,Civic,5488.0,2009,240685,4 Cyl,Gray,Black,Manual,FWD,21,29,Used
Honda,CR-V,15495.0,2014,96103,4 Cyl,Red,Gray,Automatic,AWD,22,29,Used
Honda,CR-V,30890.0,2018,3783,4 Cyl,Gray,Gray,Automatic,AWD,27,33,Used
Honda,Accord,14989.0,2017,38762,4 Cyl,Red,Black,Automatic,FWD,26,34,Used
Honda,Civic,17369.0,2017,16715,4 Cyl,Gray,Black,Automatic,FWD,31,40,Used
Honda,Accord,26991.0,2019,10898,4 Cyl,Gray,Black,Automatic,FWD,22,32,Used
Honda,Civic,16648.0,2018,15869,4 Cyl,Black,Black,Automatic,FWD,32,42,Used
Honda,Accord,6988.0,2008,128730,4 Cyl,Red,White,Automatic,FWD,21,31,Used
Honda,Accord,20629.0,2018,21038,4 Cyl,Silver,Black,Automatic,FWD,29,35,Used
Honda,Civic,21498.0,2018,6063,4 Cyl,Blue,Black,Automatic,FWD,32,42,Used
Honda,Accord,19989.0,2017,35165,4 Cyl,Gray,Black,Automatic,FWD,26,34,Used
Honda,Accord,4450.0,2002,118300,4 Cyl,Silver,Gray,Automatic,FWD,20,28,Used
Honda,Accord,23432.0,2018,37384,4 Cyl,White,Black,Automatic,FWD,29,35,Used
Honda,Accord,24400.0,2017,23528,6 Cyl,Black,Black,Automatic,FWD,21,32,Used
Honda,Pilot,24900.0,2016,53318,6 Cyl,Blue,Tan,Automatic,AWD,18,25,Used
Honda,Pilot,19788.0,2014,44847,6 Cyl,Gray,Gray,Automatic,FWD,18,25,Used
Honda,Fit,15988.0,2019,20638,4 Cyl,Red,Black,Automatic,FWD,31,36,Used
Honda,CR-V,13292.0,2012,78514,4 Cyl,Red,Gray,Automatic,FWD,23,30,Used
Honda,Civic,14481.0,2017,33569,4 Cyl,Gray,Black,Automatic,FWD,31,40,Used
Honda,Accord,15981.0,2017,30268,4 Cyl,Silver,Gray,Automatic,FWD,26,34,Used
Honda,Accord,17981.0,2017,39868,4 Cyl,White,Black,Automatic,FWD,26,34,Used
Honda,CR-V,6990.0,2007,195149,4 Cyl,Blue,Gray,Automatic,4WD,19,26,Used
Honda,Accord,15981.0,2017,30268,4 Cyl,Silver,Gray,Automatic,FWD,26,34,Used
Honda,Ridgeline,29850.0,2017,35710,6 Cyl,White,Tan,Automatic,AWD,18,25,Used
Honda,Civic,13995.0,2016,49563,4 Cyl,White,Tan,Automatic,FWD,30,40,Used
Honda,HR-V,19355.0,2018,16310,4 Cyl,Silver,Gray,Automatic,AWD,27,31,Used
Honda,CR-V,26486.0,2018,12438,4 Cyl,Silver,Gray,Automatic,AWD,27,33,Used
Honda,Civic,18981.0,2019,5191,4 Cyl,Silver,Black,Automatic,FWD,29,37,Used
Honda,Pilot,26981.0,2018,30010,6 Cyl,White,Tan,Automatic,FWD,19,27,Used
Honda,Civic,16999.0,2018,21897,4 Cyl,Gray,Gray,Automatic,FWD,31,40,Used
Honda,CR-V,28944.0,2018,15285,4 Cyl,White,Black,Automatic,AWD,27,33,Used
Honda,Ridgeline,34995.0,2019,2772,6 Cyl,Red,Tan,Automatic,AWD,18,25,Used
Honda,Civic,17500.0,2018,44102,4 Cyl,Red,Unspecified,Automatic,FWD,31,40,Used
Honda,Civic,18900.0,2019,5577,4 Cyl,White,Unspecified,Automatic,FWD,29,37,Used
Honda,Accord,16900.0,2017,39776,4 Cyl,Silver,Unspecified,Automatic,FWD,26,34,Used
Honda,Accord,19500.0,2018,35375,4 Cyl,Black,Unspecified,Automatic,FWD,29,35,Used
Honda,Pilot,12250.0,2010,130300,6 Cyl,Red,Black,Automatic,FWD,17,23,Used
Honda,Ridgeline,10995.0,2007,121960,6 Cyl,Green,Gray,Automatic,4WD,15,20,Used
Honda,Accord,13995.0,2017,15703,4 Cyl,Silver,Gray,Automatic,FWD,26,34,Used
Honda,CR-V,23499.0,2017,21067,4 Cyl,Black,Black,Automatic,FWD,28,34,Used
Honda,Odyssey,6527.0,2005,69872,6 Cyl,Blue,Unspecified,Automatic,FWD,17,23,Used
Honda,Accord,19988.0,2018,16372,4 Cyl,Red,White,Automatic,FWD,29,35,Used
Honda,Ridgeline,27997.0,2017,54852,6 Cyl,Gray,Unspecified,Automatic,AWD,18,25,Used
Honda,Civic,15350.0,2017,31152,4 Cyl,Gray,Unspecified,Automatic,FWD,30,39,Used
Honda,Pilot,32967.0,2017,27971,6 Cyl,Unspecified,Unspecified,Automatic,FWD,19,27,Used
Honda,HR-V,16499.0,2017,57218,4 Cyl,Purple,Black,Automatic,FWD,28,34,Used
Honda,CR-V,22550.0,2017,20625,4 Cyl,Gray,Gray,Automatic,FWD,28,34,Used
Honda,Civic,17991.0,2018,22488,4 Cyl,Silver,Black,Automatic,FWD,31,40,Used
Honda,Civic,18991.0,2017,17606,4 Cyl,Red,Black,Automatic,FWD,31,40,Used
Honda,CR-V,22550.0,2017,20625,4 Cyl,Gray,Gray,Automatic,FWD,28,34,Used
Honda,Accord,18242.0,2017,25168,4 Cyl,Black,Black,Automatic,FWD,26,34,Used
Honda,Civic,17077.0,2017,34471,4 Cyl,Blue,Black,Automatic,FWD,31,40,Used
Honda,Civic,20998.0,2018,30351,4 Cyl,Silver,Black,Automatic,FWD,32,42,Used
Honda,Accord,19862.0,2017,41489,4 Cyl,Gold,Unspecified,Automatic,FWD,26,34,Used
Honda,CR-V,17555.0,2016,26788,4 Cyl,Gray,Gray,Automatic,FWD,26,32,Used
Honda,Odyssey,22876.0,2016,15384,6 Cyl,Red,Red,Automatic,FWD,19,27,Used
Honda,Civic,16500.0,2017,23664,4 Cyl,Gray,Unspecified,Automatic,FWD,31,40,Used
Honda,Odyssey,11398.0,2014,125287,6 Cyl,Blue,Gray,Automatic,FWD,19,27,Used
Honda,Accord,7499.0,2009,107000,4 Cyl,White,Tan,Automatic,FWD,21,30,Used
Honda,Accord,17717.0,2017,33219,4 Cyl,Red,White,Automatic,FWD,26,34,Used
Honda,Civic,9990.0,2015,87818,4 Cyl,Silver,Gray,Automatic,FWD,29,37,Used
Honda,Civic,17597.0,2018,32000,4 Cyl,Gray,Black,Automatic,FWD,31,40,Used
Honda,Accord,16988.0,2017,34249,4 Cyl,Gray,Black,Automatic,FWD,26,34,Used
Honda,Pilot,10699.0,2010,106325,6 Cyl,Blue,Gray,Automatic,4WD,16,22,Used
Honda,Civic,10981.0,2017,115733,4 Cyl,Black,Black,Automatic,FWD,31,40,Used
Honda,CR-V,19988.0,2016,33603,4 Cyl,Unspecified,Unspecified,Automatic,AWD,25,31,Used
Honda,Pilot,34743.0,2018,12526,6 Cyl,Silver,Gray,Automatic,AWD,18,26,Used
Honda,Fit,15518.0,2018,55984,4 Cyl,Black,Unspecified,Automatic,FWD,31,36,Used
Honda,Civic,15593.0,2018,36969,4 Cyl,Blue,Black,Automatic,FWD,31,40,Used
Honda,Accord,9500.0,2010,92071,4 Cyl,Burgundy,Tan,Automatic,FWD,21,31,Used
Honda,Pilot,25991.0,2018,32783,6 Cyl,Gray,Gray,Automatic,FWD,19,27,Used
Honda,Odyssey,33843.0,2017,25055,6 Cyl,Red,Tan,Automatic,FWD,19,27,Used
Honda,Civic,19887.0,2018,14681,4 Cyl,Blue,Black,Automatic,FWD,31,40,Used
Honda,Pilot,9250.0,2008,123855,6 Cyl,White,Tan,Automatic,4WD,15,20,Used
Honda,Pilot,5856.0,2006,156832,6 Cyl,Unspecified,Gray,Automatic,FWD,16,22,Used
Honda,Accord,26288.0,2018,10723,4 Cyl,Black,Black,Automatic,FWD,29,35,Used
Honda,HR-V,19888.0,2018,29169,4 Cyl,Gray,Gray,Automatic,AWD,27,31,Used
Honda,HR-V,17991.0,2018,18446,4 Cyl,Gray,Black,Automatic,FWD,28,34,Used
Honda,CR-V,17991.0,2016,35920,4 Cyl,White,Tan,Automatic,AWD,25,31,Used
Honda,Odyssey,24991.0,2016,34409,6 Cyl,Brown,Tan,Automatic,FWD,19,27,Used
Honda,Ridgeline,30991.0,2018,17668,6 Cyl,Silver,Black,Automatic,AWD,18,25,Used
Honda,Ridgeline,30900.0,2017,33515,6 Cyl,Black,Black,Automatic,AWD,18,25,Used
Honda,Accord,10990.0,2016,154624,4 Cyl,Black,Black,Automatic,FWD,26,34,Used
Honda,Pilot,16995.0,2015,75440,6 Cyl,Gray,Gray,Automatic,FWD,18,25,Used
Honda,CR-V,14995.0,2015,32089,4 Cyl,Green,Tan,Automatic,FWD,27,33,Used
Honda,CR-V,6595.0,2006,146696,4 Cyl,Silver,Black,Automatic,4WD,20,25,Used
Honda,Odyssey,6995.0,2010,176051,6 Cyl,Silver,Gray,Automatic,FWD,16,23,Used
Honda,Civic,10999.0,2015,105000,4 Cyl,Black,Black,Automatic,FWD,29,37,Used
Honda,CR-V,19491.0,2016,33992,4 Cyl,Silver,Black,Automatic,FWD,26,32,Used
Honda,Fit,14991.0,2017,24648,4 Cyl,Silver,Black,Automatic,FWD,32,37,Used
Honda,Civic,18991.0,2017,16602,4 Cyl,White,White,Automatic,FWD,31,40,Used
Honda,Civic,20991.0,2017,8933,4 Cyl,Silver,Unspecified,Automatic,FWD,31,40,Used
Honda,Accord,18555.0,2017,46316,4 Cyl,Black,White,Automatic,FWD,26,34,Used
Honda,Civic,17481.0,2018,15376,4 Cyl,Gray,Gray,Automatic,FWD,30,39,Used
Honda,Accord,5999.0,2009,142668,4 Cyl,Black,Gray,Automatic,FWD,21,30,Used
Honda,Accord,6500.0,2005,89120,4 Cyl,Black,Tan,Manual,FWD,23,31,Used
Honda,Pilot,4995.0,2004,157615,6 Cyl,Green,Gray,Automatic,4WD,15,21,Used
Honda,Odyssey,10999.0,2011,126187,6 Cyl,Black,Gray,Automatic,FWD,18,27,Used
Honda,HR-V,17491.0,2016,30563,4 Cyl,Silver,Black,Automatic,FWD,28,34,Used
Honda,Accord,12997.0,2013,86000,4 Cyl,White,Tan,Automatic,FWD,26,34,Used
Honda,Ridgeline,12750.0,2008,102251,6 Cyl,Silver,Gray,Automatic,4WD,15,20,Used
Honda,Accord,22990.0,2019,17574,4 Cyl,Black,Red,Automatic,FWD,29,35,Used
Honda,Accord,21415.0,2016,41842,6 Cyl,Gray,Black,Automatic,FWD,21,33,Used
Honda,Civic,19995.0,2018,5691,4 Cyl,Red,Black,Automatic,FWD,31,40,Used
Honda,Accord,23788.0,2018,26182,4 Cyl,White,Black,Automatic,FWD,29,35,Used
Honda,Civic,17488.0,2017,2510,4 Cyl,Purple,Unspecified,Automatic,FWD,31,40,Used
Honda,Civic,15990.0,2017,39676,4 Cyl,Purple,Gray,Automatic,FWD,31,40,Used
Honda,Pilot,8995.0,2010,159570,6 Cyl,White,Black,Automatic,4WD,16,22,Used
Honda,CR-V,26588.0,2018,17367,4 Cyl,Gray,White,Automatic,FWD,28,34,Used
Honda,Civic,17988.0,2017,32060,4 Cyl,Blue,Gray,Automatic,FWD,31,40,Used
Honda,CR-V,22722.0,2016,18033,4 Cyl,Gray,Unspecified,Automatic,FWD,26,32,Used
Honda,Accord,21999.0,2019,1739,4 Cyl,White,White,Automatic,FWD,29,35,Used
Honda,Civic,8500.0,2011,118172,4 Cyl,Gray,Black,Automatic,FWD,25,35,Used
Honda,Odyssey,9495.0,2010,145090,6 Cyl,Gray,Gray,Automatic,FWD,16,23,Used
Honda,Pilot,6999.0,2013,192393,6 Cyl,Silver,Black,Automatic,FWD,18,25,Used
Honda,Ridgeline,32995.0,2017,41748,6 Cyl,Black,Black,Automatic,AWD,18,25,Used
Honda,CR-V,14688.0,2016,68680,4 Cyl,Red,Black,Automatic,FWD,26,32,Used
Honda,CR-V,28288.0,2018,7171,4 Cyl,White,Black,Automatic,AWD,27,33,Used
Honda,Pilot,11999.0,2008,54467,6 Cyl,Red,Tan,Automatic,4WD,15,20,Used
Honda,CR-V,26991.0,2018,17174,4 Cyl,Red,White,Automatic,FWD,28,34,Used
Honda,Ridgeline,18988.0,2014,118699,6 Cyl,White,Black,Automatic,4WD,16,21,Used
Honda,Fit,14490.0,2016,31950,4 Cyl,White,Black,Automatic,FWD,32,37,Used
Honda,Civic,14991.0,2016,45457,4 Cyl,Burgundy,White,Automatic,FWD,30,40,Used
Honda,Civic,19991.0,2018,14449,4 Cyl,Black,Black,Automatic,FWD,31,40,Used
Honda,Civic,17991.0,2018,16792,4 Cyl,Black,Black,Automatic,FWD,31,40,Used
Honda,Civic,17991.0,2018,19584,4 Cyl,Gray,Black,Automatic,FWD,31,40,Used
Honda,Accord,20991.0,2017,22643,4 Cyl,Silver,Black,Automatic,FWD,26,34,Used
Honda,Accord,17991.0,2017,16626,4 Cyl,Black,Black,Automatic,FWD,26,34,Used
Honda,Civic,18992.0,2017,54099,4 Cyl,Silver,Black,Manual,FWD,28,38,Used
Honda,Odyssey,14750.0,2012,117067,6 Cyl,Silver,Gray,Automatic,FWD,18,27,Used
Honda,Accord,19655.0,2017,31891,4 Cyl,Black,Black,Automatic,FWD,26,34,Used
Honda,HR-V,16955.0,2016,49745,4 Cyl,White,Black,Automatic,FWD,28,34,Used
Honda,Ridgeline,10998.0,2007,149000,6 Cyl,White,Tan,Automatic,4WD,15,20,Used
Honda,CR-V,8955.0,2008,127275,4 Cyl,Black,Black,Automatic,4WD,20,26,Used
Honda,CR-V,20551.0,2016,35732,4 Cyl,Brown,Black,Automatic,AWD,25,31,Used
Honda,Fit,14281.0,2017,29310,4 Cyl,White,Black,Automatic,FWD,32,37,Used
Honda,Accord,17555.0,2016,39206,4 Cyl,White,White,Automatic,FWD,26,34,Used
Honda,CR-V,19998.0,2018,38000,4 Cyl,White,Tan,Automatic,FWD,26,32,Used
Honda,Pilot,26918.0,2016,36553,6 Cyl,Black,Black,Automatic,AWD,18,25,Used
Honda,Civic,23499.0,2017,52932,4 Cyl,Red,Unspecified,Automatic,FWD,31,40,Used
Honda,CR-V,23546.0,2017,29312,4 Cyl,Red,White,Automatic,AWD,27,33,Used
Honda,Odyssey,16997.0,2015,70717,6 Cyl,Gray,Gray,Automatic,FWD,19,27,Used
Honda,Accord,15499.0,2017,53785,4 Cyl,Unspecified,Unspecified,Automatic,FWD,26,34,Used
Honda,Accord,15995.0,2015,42628,4 Cyl,Black,Black,Automatic,FWD,26,34,Used
Honda,Civic,14995.0,2016,29356,4 Cyl,Gray,Black,Automatic,FWD,30,40,Used
Honda,Odyssey,15597.0,2014,62000,6 Cyl,Silver,Gray,Automatic,FWD,19,27,Used
Honda,CR-V,18991.0,2016,23630,4 Cyl,Black,Black,Automatic,FWD,26,32,Used
Honda,Pilot,34218.0,2017,35015,6 Cyl,Black,Unspecified,Automatic,AWD,18,26,Used
Honda,CR-V,18991.0,2016,23630,4 Cyl,Black,Black,Automatic,FWD,26,32,Used
Honda,Civic,15891.0,2017,45387,4 Cyl,White,Unspecified,Automatic,FWD,30,39,Used
Honda,Pilot,15490.0,2013,92098,6 Cyl,Unspecified,Unspecified,Automatic,FWD,18,25,Used
Honda,Accord,16777.0,2017,83319,6 Cyl,Black,Black,Automatic,FWD,21,32,Used
Honda,Accord,17288.0,2016,36017,4 Cyl,Gray,Black,Automatic,FWD,26,34,Used
Honda,CR-V,22842.0,2018,10485,4 Cyl,Silver,Gray,Automatic,AWD,25,31,Used
Honda,Civic,14500.0,2016,58149,4 Cyl,Gray,Unspecified,Automatic,FWD,30,40,Used
Honda,Civic,12998.0,2017,46929,4 Cyl,Gray,Black,Automatic,FWD,31,40,Used
Honda,Accord,14594.0,2017,39420,4 Cyl,Gray,Gray,Automatic,FWD,26,34,Used
Honda,Civic,16500.0,2016,18858,4 Cyl,Brown,Unspecified,Automatic,FWD,30,40,Used
Honda,Accord,20999.0,2019,9093,4 Cyl,White,Black,Automatic,FWD,29,35,Used
Honda,Civic,18988.0,2017,36885,4 Cyl,Silver,Black,Automatic,FWD,31,40,Used
Honda,Accord,19399.0,2017,31838,4 Cyl,Red,Black,Automatic,FWD,26,34,Used
Honda,Civic,17388.0,2017,34938,4 Cyl,Black,Unspecified,Automatic,FWD,31,40,Used
Honda,Civic,19994.0,2018,20538,4 Cyl,Green,Black,Manual,FWD,28,38,Used
Honda,Passport,29994.0,2019,2522,6 Cyl,Blue,Gray,Automatic,FWD,20,25,Used
Honda,Pilot,18981.0,2016,36028,6 Cyl,Gray,Gray,Automatic,FWD,19,27,Used
Honda,CR-V,23991.0,2017,41277,4 Cyl,Red,White,Automatic,FWD,28,34,Used
Honda,Odyssey,21981.0,2016,29618,6 Cyl,Gray,Gray,Automatic,FWD,19,27,Used
Honda,CR-V,16685.0,2014,64655,4 Cyl,Red,Gray,Automatic,AWD,22,29,Used
Honda,Civic,17988.0,2019,15915,4 Cyl,Black,Black,Automatic,FWD,29,37,Used
Honda,HR-V,14981.0,2017,50516,4 Cyl,Black,Black,Automatic,FWD,28,34,Used
Honda,Fit,13988.0,2016,37241,4 Cyl,Silver,Black,Automatic,FWD,32,37,Used
Honda,CR-V,15500.0,2014,37326,4 Cyl,Silver,Gray,Automatic,FWD,23,30,Used
Honda,CR-V,24491.0,2018,9441,4 Cyl,Red,Gray,Automatic,FWD,28,34,Used
Honda,Civic,10998.0,2015,82835,4 Cyl,Brown,Gray,Automatic,FWD,29,37,Used
Honda,CR-V,20718.0,2016,37235,4 Cyl,Gray,Unspecified,Automatic,FWD,26,32,Used
Honda,Accord,18998.0,2017,16000,4 Cyl,Black,Black,Automatic,FWD,26,34,Used
Honda,Accord,7998.0,2012,121119,6 Cyl,Gray,Black,Automatic,FWD,19,29,Used
Honda,Pilot,8970.0,2011,146958,6 Cyl,Beige,Tan,Automatic,FWD,17,23,Used
Honda,Civic,6995.0,2009,85228,4 Cyl,Black,Gray,Automatic,FWD,25,36,Used
Honda,Accord,18995.0,2017,52544,4 Cyl,White,Black,Automatic,FWD,26,34,Used
Honda,CR-V,16488.0,2013,38818,4 Cyl,Unspecified,Unspecified,Automatic,AWD,22,29,Used
Honda,Civic,17599.0,2016,37741,4 Cyl,Blue,Unspecified,Automatic,FWD,30,40,Used
Honda,Civic,20890.0,2018,7612,4 Cyl,Red,Black,Automatic,FWD,32,42,Used
Honda,Accord,19175.0,2017,17892,4 Cyl,White,White,Automatic,FWD,26,34,Used
Honda,Pilot,32000.0,2017,32228,6 Cyl,Blue,Gray,Automatic,FWD,19,27,Used
Honda,Accord,18105.0,2017,29937,4 Cyl,Red,Unspecified,Automatic,FWD,26,34,Used
Honda,Civic,16905.0,2016,40281,4 Cyl,Blue,Gray,Automatic,FWD,30,40,Used
Honda,Accord,13743.0,2015,46523,4 Cyl,White,Tan,Automatic,FWD,26,34,Used
Honda,Accord,9495.0,2013,110610,4 Cyl,Black,Tan,Automatic,FWD,26,34,Used
Honda,Accord,3999.0,2006,241792,4 Cyl,Gray,Gray,Automatic,FWD,21,31,Used
Honda,Civic,16827.0,2017,33520,4 Cyl,White,Tan,Automatic,FWD,31,40,Used
Honda,Pilot,16991.0,2011,73259,6 Cyl,Gray,Black,Automatic,FWD,17,23,Used
Honda,Accord,12990.0,2012,57641,6 Cyl,Gray,Gray,Automatic,FWD,20,30,Used
Honda,CR-V,18466.0,2016,40035,4 Cyl,Brown,Tan,Automatic,FWD,26,32,Used
Honda,Accord,5490.0,2004,144146,4 Cyl,Blue,Gray,Automatic,FWD,21,31,Used
Honda,CR-V,16981.0,2016,45354,4 Cyl,Silver,Gray,Automatic,FWD,26,32,Used
Honda,Pilot,26981.0,2016,49417,6 Cyl,Black,Black,Automatic,AWD,18,25,Used
Honda,Pilot,30900.0,2018,22197,6 Cyl,White,Unspecified,Automatic,FWD,19,27,Used
Honda,Accord,17900.0,2018,59263,4 Cyl,Black,Unspecified,Automatic,FWD,29,35,Used
Honda,Odyssey,24900.0,2016,32239,6 Cyl,Gray,Unspecified,Automatic,FWD,19,27,Used
Honda,Civic,13708.0,2017,51239,4 Cyl,Gray,Gray,Automatic,FWD,31,40,Used
Honda,CR-V,18491.0,2016,21641,4 Cyl,Gray,Gray,Automatic,AWD,25,31,Used
Honda,Pilot,29533.0,2018,3815,6 Cyl,Blue,Gray,Automatic,FWD,19,27,Used
Honda,Civic,14481.0,2016,48416,4 Cyl,Black,Gray,Automatic,FWD,30,40,Used
Honda,Civic,19922.0,2018,28463,4 Cyl,Blue,Unspecified,Manual,FWD,29,38,Used
Honda,Civic,16900.0,2016,52031,4 Cyl,White,Unspecified,Automatic,FWD,30,40,Used
Honda,Fit,7733.0,2011,97540,4 Cyl,White,Gray,Automatic,FWD,27,33,Used
Honda,Civic,19900.0,2018,17985,4 Cyl,Black,Unspecified,Automatic,FWD,31,40,Used
Honda,Fit,10990.0,2015,77028,4 Cyl,Gray,Black,Automatic,FWD,32,37,Used
Honda,CR-V,14999.0,2013,72935,4 Cyl,Gray,Gray,Automatic,FWD,23,30,Used
Honda,CR-V,25688.0,2017,25913,4 Cyl,Gray,Gray,Automatic,AWD,27,33,Used
Honda,Civic,19995.0,2017,14776,4 Cyl,Burgundy,Unspecified,Automatic,FWD,31,40,Used
Honda,Accord,21987.0,2018,27321,4 Cyl,Black,Black,Automatic,FWD,29,35,Used
Honda,CR-V,21633.0,2016,43541,4 Cyl,Blue,Gray,Automatic,AWD,25,31,Used
Honda,Pilot,11373.0,2011,162499,6 Cyl,White,Black,Automatic,4WD,16,22,Used
Honda,Accord,17988.0,2016,5726,4 Cyl,White,Tan,Automatic,FWD,26,34,Used
Honda,Civic,20500.0,2018,25082,4 Cyl,Blue,Black,Manual,FWD,28,38,Used
Honda,Fit,13998.0,2015,50324,4 Cyl,Silver,Gray,Automatic,FWD,32,37,Used
Honda,HR-V,17585.0,2017,43581,4 Cyl,White,Unspecified,Automatic,FWD,28,34,Used
Honda,Accord,11990.0,2017,129899,4 Cyl,Silver,Black,Automatic,FWD,26,34,Used
Honda,Pilot,18800.0,2016,94994,6 Cyl,Green,Tan,Automatic,FWD,19,27,Used
Honda,Ridgeline,11900.0,2009,128378,6 Cyl,Red,Gray,Automatic,4WD,15,20,Used
Honda,Accord,6750.0,2008,138990,4 Cyl,Blue,Gray,Automatic,FWD,21,31,Used
Honda,Civic,19695.0,2017,34510,4 Cyl,Unspecified,Unspecified,Automatic,FWD,31,40,Used
Honda,Civic,13995.0,2017,42885,4 Cyl,Gray,Black,Automatic,FWD,31,40,Used
Honda,Civic,19481.0,2018,33116,4 Cyl,Blue,Black,Automatic,FWD,32,42,Used
Honda,Fit,5000.0,2008,129951,4 Cyl,Orange,Black,Automatic,FWD,27,33,Used
Honda,Accord,21981.0,2016,27631,6 Cyl,Gray,Gray,Automatic,FWD,21,33,Used
Honda,Pilot,12997.0,2010,130000,6 Cyl,Blue,Black,Automatic,4WD,16,22,Used
Honda,Accord,16300.0,2016,60620,4 Cyl,Red,Black,Automatic,FWD,26,34,Used
Honda,Accord,11981.0,2012,49286,4 Cyl,Red,Tan,Automatic,FWD,22,33,Used
Honda,Odyssey,25991.0,2017,33739,6 Cyl,White,Brown,Automatic,FWD,19,27,Used
Honda,Civic,16481.0,2018,14586,4 Cyl,Gray,Black,Automatic,FWD,31,40,Used
Honda,Clarity,25998.0,2018,17514,4 Cyl,Silver,Black,Automatic,FWD,44,40,Used
Honda,Accord,17641.0,2015,58098,6 Cyl,Silver,Gray,Automatic,FWD,21,31,Used
Honda,Accord,18597.0,2017,37000,4 Cyl,White,Black,Automatic,FWD,26,34,Used
Honda,Civic,17777.0,2015,47187,4 Cyl,White,Black,Manual,FWD,22,31,Used
Honda,Ridgeline,10685.0,2006,131520,6 Cyl,Blue,Gray,Automatic,4WD,15,20,Used
Honda,Fit,15615.0,2016,19996,4 Cyl,Blue,Black,Automatic,FWD,32,37,Used
Honda,Civic,22749.0,2018,14781,4 Cyl,Blue,Black,Manual,FWD,28,38,Used
Honda,Civic,17641.0,2018,26995,4 Cyl,Blue,Black,Automatic,FWD,31,40,Used
Honda,Accord,21884.0,2017,28413,4 Cyl,Beige,White,Automatic,FWD,26,34,Used
Honda,CR-V,24998.0,2019,8485,4 Cyl,Blue,Gray,Automatic,AWD,25,31,Used
Honda,Pilot,11871.0,2009,121747,6 Cyl,Blue,Blue,Automatic,FWD,17,23,Used
Honda,Fit,17916.0,2018,21234,4 Cyl,White,Black,Automatic,FWD,31,36,Used
Honda,Accord,20981.0,2017,22946,4 Cyl,Black,Black,Automatic,FWD,26,34,Used
Honda,CR-V,31500.0,2018,22719,4 Cyl,Gray,Gray,Automatic,AWD,27,33,Used
Honda,Civic,21011.0,2019,7504,4 Cyl,Silver,Black,Automatic,FWD,29,36,Used
Honda,Accord,23500.0,2018,18619,4 Cyl,White,Black,Automatic,FWD,29,35,Used
Honda,CR-V,19514.0,2015,29512,4 Cyl,Silver,Black,Automatic,FWD,27,33,Used
Honda,Civic,15900.0,2017,45409,4 Cyl,Gray,Unspecified,Automatic,FWD,31,40,Used
Honda,Civic,20900.0,2018,4736,4 Cyl,Silver,Unspecified,Automatic,FWD,31,40,Used
Honda,Accord,17491.0,2017,56395,4 Cyl,Black,Black,Automatic,FWD,26,34,Used
Honda,Pilot,6488.0,2007,147725,6 Cyl,Silver,Gray,Automatic,FWD,16,22,Used
Honda,Accord,25900.0,2018,30235,4 Cyl,Red,Unspecified,Automatic,FWD,23,34,Used
Honda,CR-V,6369.0,2008,164395,4 Cyl,Unspecified,Black,Automatic,4WD,20,26,Used
Honda,Accord,34999.0,2019,7117,4 Cyl,Unspecified,Unspecified,Automatic,FWD,23,34,Used
Honda,Accord,6995.0,2009,140470,4 Cyl,Silver,Black,Automatic,FWD,21,30,Used
Honda,CR-V,8499.0,2007,113063,4 Cyl,Silver,Black,Automatic,4WD,19,26,Used
Honda,Accord,24991.0,2018,6915,4 Cyl,Blue,Black,Automatic,FWD,29,35,Used
Honda,Accord,11900.0,2012,57096,4 Cyl,White,White,Automatic,FWD,22,32,Used
Honda,Pilot,12999.0,2011,133990,6 Cyl,Silver,Gray,Automatic,FWD,17,23,Used
Honda,Pilot,18813.0,2014,105887,6 Cyl,Gray,Black,Automatic,4WD,17,24,Used
Honda,Accord,6598.0,2007,105200,4 Cyl,White,Tan,Automatic,FWD,21,31,Used
Honda,CR-V,6995.0,2009,153829,4 Cyl,White,Gray,Automatic,FWD,20,27,Used
Honda,Pilot,7999.0,2009,141409,6 Cyl,Gray,Gray,Automatic,FWD,17,23,Used
Honda,Pilot,14995.0,2011,118772,6 Cyl,White,Gray,Automatic,4WD,16,22,Used
Honda,Accord,7988.0,2009,95435,4 Cyl,White,Tan,Automatic,FWD,21,30,Used
Honda,Pilot,11995.0,2010,138025,6 Cyl,Gray,Gray,Automatic,4WD,16,22,Used
Honda,Civic,11991.0,2013,60213,4 Cyl,Silver,Unspecified,Automatic,FWD,28,39,Used
Honda,Odyssey,14995.0,2012,75118,6 Cyl,Gray,Gray,Automatic,FWD,18,27,Used
Honda,CR-V,19599.0,2016,43205,4 Cyl,Brown,Unspecified,Automatic,FWD,26,32,Used
Honda,Civic,18791.0,2018,41355,4 Cyl,Silver,Black,Automatic,FWD,31,40,Used
Honda,HR-V,15991.0,2016,57908,4 Cyl,Gray,Black,Automatic,FWD,28,34,Used
Honda,CR-V,15987.0,2014,80820,4 Cyl,Blue,Tan,Automatic,AWD,22,29,Used
Honda,CR-V,17487.0,2015,91427,4 Cyl,White,Black,Automatic,AWD,26,32,Used
Honda,Pilot,16464.0,2011,91127,6 Cyl,Gray,Unspecified,Automatic,4WD,16,22,Used
Honda,Civic,12995.0,2013,50649,4 Cyl,Gray,Gray,Automatic,FWD,28,39,Used
Honda,HR-V,16954.0,2017,32860,4 Cyl,Black,Black,Automatic,FWD,28,34,Used
Honda,Civic,16998.0,2018,30740,4 Cyl,White,White,Automatic,FWD,31,40,Used
Honda,Civic,15955.0,2017,37399,4 Cyl,Gray,Black,Automatic,FWD,31,40,Used
Honda,Accord,12990.0,2017,71996,4 Cyl,White,Tan,Automatic,FWD,26,34,Used
Honda,Passport,4700.0,2001,98956,6 Cyl,White,Gray,Automatic,4WD,15,19,Used
Honda,Civic,3999.0,2007,193936,4 Cyl,White,Gray,Automatic,FWD,25,36,Used
Honda,Civic,11950.0,2015,73938,4 Cyl,Blue,Unspecified,Automatic,FWD,29,37,Used
Honda,Accord,14798.0,2015,25000,4 Cyl,Beige,Tan,Automatic,FWD,26,34,Used
Honda,S2000,19222.0,2007,70087,4 Cyl,Silver,Black,Manual,RWD,18,24,Used
Honda,Accord,19988.0,2017,37215,4 Cyl,White,Unspecified,Automatic,FWD,26,34,Used
Honda,HR-V,16988.0,2016,2147,4 Cyl,Red,Unspecified,Automatic,FWD,28,34,Used
Honda,CR-V,21992.0,2018,33089,4 Cyl,Black,Black,Automatic,AWD,25,31,Used
Honda,Accord,23988.0,2018,22487,4 Cyl,Unspecified,Unspecified,Automatic,FWD,29,35,Used
Honda,Civic,11500.0,2015,75881,4 Cyl,Silver,Black,Automatic,FWD,29,37,Used
Honda,Accord,19727.0,2017,36934,4 Cyl,Black,Unspecified,Automatic,FWD,26,34,Used
Honda,Accord,20722.0,2017,34596,4 Cyl,Silver,Unspecified,Automatic,FWD,26,34,Used
Honda,Accord,19977.0,2018,26768,4 Cyl,Silver,Unspecified,Automatic,FWD,29,35,Used
Honda,Accord,5499.0,2007,136295,4 Cyl,Red,Tan,Automatic,FWD,21,31,Used
Honda,CR-V,24996.0,2018,26573,4 Cyl,Red,Gray,Automatic,AWD,25,31,Used
Honda,CR-V,25677.0,2019,7215,4 Cyl,Gray,Gray,Automatic,AWD,25,31,Used
Honda,CR-V,21388.0,2016,41465,4 Cyl,Gray,Black,Automatic,AWD,25,31,Used
Honda,Civic,23298.0,2018,10313,4 Cyl,Blue,Black,Automatic,FWD,30,36,Used
Honda,CR-V,24381.0,2016,52677,4 Cyl,Gray,Gray,Automatic,AWD,25,31,Used
Honda,Accord,5499.0,2007,136295,4 Cyl,Red,Tan,Automatic,FWD,21,31,Used
Honda,CR-V,24996.0,2018,26573,4 Cyl,Red,Gray,Automatic,AWD,25,31,Used
Honda,Civic,16981.0,2016,44205,4 Cyl,Black,Black,Automatic,FWD,30,39,Used
Honda,Civic,25683.0,2018,10105,4 Cyl,Black,Black,Manual,FWD,28,38,Used
Honda,CR-V,6395.0,2006,140764,4 Cyl,Gray,Black,Automatic,4WD,20,25,Used
Honda,Civic,19999.0,2017,33015,4 Cyl,Red,Black,Automatic,FWD,31,40,Used
Honda,Odyssey,10999.0,2010,74290,6 Cyl,Gray,Gray,Automatic,FWD,16,23,Used
Honda,Pilot,36991.0,2017,19060,6 Cyl,Green,Tan,Automatic,AWD,18,26,Used
Honda,Ridgeline,35491.0,2019,20555,6 Cyl,White,Black,Automatic,AWD,18,25,Used
Honda,CR-V,25491.0,2018,10371,4 Cyl,White,Gray,Automatic,FWD,28,34,Used
Honda,Civic,19898.0,2016,19245,4 Cyl,Red,Black,Automatic,FWD,31,41,Used
Honda,Pilot,21500.0,2017,43480,6 Cyl,White,Tan,Automatic,FWD,19,27,Used
Honda,Odyssey,13880.0,2012,93625,6 Cyl,Gray,Gray,Automatic,FWD,18,27,Used
Honda,Accord,5500.0,2004,107625,4 Cyl,Silver,Black,Automatic,FWD,21,31,Used
Honda,Odyssey,12450.0,2012,132300,6 Cyl,Black,Gray,Automatic,FWD,18,27,Used
Honda,Pilot,30941.0,2018,21875,6 Cyl,Gray,Black,Automatic,AWD,18,26,Used
Honda,Accord,6750.0,2007,113372,6 Cyl,Silver,Black,Automatic,FWD,18,26,Used
Honda,Odyssey,15798.0,2013,81000,6 Cyl,Gray,Tan,Automatic,FWD,18,27,Used
Honda,Civic,19995.0,2017,15407,4 Cyl,Black,Gray,Manual,FWD,28,38,Used
Honda,Accord,22981.0,2018,34649,4 Cyl,White,Black,Automatic,FWD,23,34,Used
Honda,Fit,11995.0,2015,59770,4 Cyl,White,Black,Automatic,FWD,32,37,Used
Honda,Element,8598.0,2010,150375,4 Cyl,Silver,Gray,Automatic,FWD,20,25,Used
Honda,Pilot,9950.0,2007,114043,6 Cyl,White,Tan,Automatic,4WD,15,20,Used
Honda,Civic,14595.0,2017,63925,4 Cyl,White,Black,Automatic,FWD,31,40,Used
Honda,Accord,11991.0,2010,45022,6 Cyl,Red,Tan,Automatic,FWD,19,29,Used
Honda,Accord,9788.0,2009,86759,4 Cyl,Green,Black,Automatic,FWD,21,30,Used
Honda,CR-V,12995.0,2014,115664,4 Cyl,White,Unspecified,Automatic,AWD,22,29,Used
Honda,CR-V,19976.0,2015,27613,4 Cyl,Blue,Gray,Automatic,FWD,27,33,Used
Honda,Accord,17776.0,2017,65977,4 Cyl,Red,Black,Automatic,FWD,26,34,Used
Honda,Civic,22476.0,2019,7946,4 Cyl,Unspecified,Unspecified,Automatic,FWD,30,36,Used
Honda,Pilot,21695.0,2016,88695,6 Cyl,Gray,Black,Automatic,FWD,19,27,Used
Honda,Civic,15955.0,2017,42260,4 Cyl,Red,Gray,Automatic,FWD,31,40,Used
Honda,Odyssey,27481.0,2018,10611,6 Cyl,Silver,Black,Automatic,FWD,19,28,Used
Honda,Fit,13929.0,2016,30619,4 Cyl,Blue,Black,Automatic,FWD,32,37,Used
Honda,Pilot,11000.0,2013,171663,6 Cyl,Gray,Gray,Automatic,FWD,18,25,Used
Honda,CR-V,17988.0,2014,40328,4 Cyl,Silver,Gray,Automatic,FWD,23,30,Used
Honda,Accord,4495.0,2003,152428,4 Cyl,Blue,Gray,Automatic,FWD,21,31,Used
Honda,Civic,17288.0,2016,25908,4 Cyl,White,Black,Automatic,FWD,30,40,Used
Honda,Civic,12850.0,2017,68757,4 Cyl,Gray,Tan,Automatic,FWD,31,40,Used
Honda,CR-V,17988.0,2013,43385,4 Cyl,Blue,Unspecified,Automatic,FWD,23,30,Used
Honda,Pilot,16499.0,2011,87227,6 Cyl,Red,Unspecified,Automatic,4WD,16,22,Used
Honda,Ridgeline,8809.0,2007,123466,6 Cyl,Gray,Unspecified,Automatic,4WD,15,20,Used
Honda,Fit,15612.0,2016,32870,4 Cyl,Black,Unspecified,Automatic,FWD,32,37,Used
Honda,Pilot,23918.0,2016,44794,6 Cyl,Gray,Unspecified,Automatic,AWD,18,25,Used
Honda,CR-V,20805.0,2016,42766,4 Cyl,Unspecified,Unspecified,Automatic,FWD,26,32,Used
Honda,HR-V,21899.0,2019,1793,4 Cyl,Silver,Black,Automatic,FWD,28,34,Used
Honda,Fit,13510.0,2016,44784,4 Cyl,Silver,Gray,Automatic,FWD,32,37,Used
Honda,Accord,12882.0,2013,79060,4 Cyl,Gray,Black,Automatic,FWD,26,34,Used
Honda,Pilot,43705.0,2019,10681,6 Cyl,White,Unspecified,Automatic,AWD,18,26,Used
Honda,Ridgeline,33991.0,2019,19116,6 Cyl,White,Black,Automatic,AWD,18,25,Used
Honda,Civic,10500.0,2014,64687,4 Cyl,Black,Gray,Automatic,FWD,29,37,Used
Honda,CR-V,9990.0,2010,107492,4 Cyl,Blue,Gray,Automatic,FWD,21,28,Used
Honda,Civic,16488.0,2016,41488,4 Cyl,Gray,Black,Automatic,FWD,30,40,Used
Honda,Odyssey,16999.0,2014,119000,6 Cyl,Silver,Gray,Automatic,FWD,19,27,Used
Honda,Accord,8757.0,2011,109000,4 Cyl,Silver,Gray,Automatic,FWD,22,33,Used
Honda,Pilot,15997.0,2012,98000,6 Cyl,Brown,Tan,Automatic,4WD,17,24,Used
Honda,CR-V,27288.0,2018,15536,4 Cyl,Beige,White,Automatic,FWD,28,34,Used
Honda,Pilot,27991.0,2016,49188,6 Cyl,White,Tan,Automatic,AWD,18,25,Used
Honda,Accord,13597.0,2017,99000,4 Cyl,Gray,Black,Automatic,FWD,26,34,Used
Honda,Pilot,26491.0,2018,17348,6 Cyl,Green,Tan,Automatic,FWD,19,27,Used
Honda,CR-V,23997.0,2017,37526,4 Cyl,Black,Black,Automatic,FWD,28,34,Used
Honda,Accord,13355.0,2015,102590,4 Cyl,Black,Black,Automatic,FWD,26,34,Used
Honda,Fit,15982.0,2019,10507,4 Cyl,White,Black,Automatic,FWD,31,36,Used
Honda,Civic,18955.0,2019,8410,4 Cyl,Black,Black,Automatic,FWD,29,37,Used
Honda,Pilot,15455.0,2011,87579,6 Cyl,White,Gray,Automatic,FWD,17,23,Used
Honda,Civic,16755.0,2017,26952,4 Cyl,Gray,Black,Automatic,FWD,31,40,Used
Honda,Pilot,27995.0,2016,50190,6 Cyl,Gray,Gray,Automatic,AWD,18,25,Used
Honda,Civic,21955.0,2019,5499,4 Cyl,Unspecified,Black,Automatic,FWD,30,36,Used
Honda,Accord Crosstour,13995.0,2013,86882,4 Cyl,Gray,Black,Automatic,FWD,22,30,Used
Honda,Pilot,28955.0,2016,31455,6 Cyl,Gray,Gray,Automatic,AWD,18,25,Used
Honda,Accord,13855.0,2016,106291,4 Cyl,Gray,Black,Automatic,FWD,26,34,Used
Honda,Civic,15955.0,2016,31315,4 Cyl,Gray,Gray,Automatic,FWD,30,40,Used
Honda,Accord Crosstour,13995.0,2013,86882,4 Cyl,Gray,Black,Automatic,FWD,22,30,Used
Honda,CR-V,7997.0,2007,124000,4 Cyl,Black,Black,Automatic,FWD,20,27,Used
Honda,Civic,15991.0,2017,34430,4 Cyl,Gray,Unspecified,Automatic,FWD,31,40,Used
Honda,Element,7455.0,2005,152334,4 Cyl,Black,Black,Automatic,4WD,19,23,Used
Honda,Pilot,36999.0,2018,23429,6 Cyl,Gray,Unspecified,Automatic,AWD,18,26,Used
Honda,Odyssey,17989.0,2016,68547,6 Cyl,Gray,Gray,Automatic,FWD,19,27,Used
Honda,CR-V,9450.0,2010,133489,4 Cyl,Silver,Unspecified,Automatic,4WD,21,27,Used
Honda,Odyssey,24889.0,2016,39109,6 Cyl,Silver,Gray,Automatic,FWD,19,27,Used
Honda,Civic,23197.0,2018,3530,4 Cyl,Silver,Gray,Automatic,FWD,32,42,Used
Honda,HR-V,17990.0,2016,19672,4 Cyl,Gray,Black,Automatic,FWD,28,34,Used
Honda,CR-V,17991.0,2016,32117,4 Cyl,Blue,Tan,Automatic,FWD,26,32,Used
Honda,Pilot,25150.0,2017,30813,6 Cyl,White,Tan,Automatic,FWD,19,27,Used
Honda,Ridgeline,36491.0,2019,4044,6 Cyl,White,Black,Automatic,AWD,18,25,Used
Honda,Civic,16929.0,2017,54105,4 Cyl,White,White,Automatic,FWD,31,40,Used
Honda,Odyssey,11999.0,2012,105565,6 Cyl,Gray,Gray,Automatic,FWD,18,27,Used
Honda,CR-V,19988.0,2016,14131,4 Cyl,Unspecified,Unspecified,Automatic,FWD,26,32,Used
Honda,CR-V,10995.0,2013,78208,4 Cyl,Blue,Gray,Automatic,AWD,22,29,Used
Honda,HR-V,17740.0,2017,54650,4 Cyl,White,Unspecified,Automatic,FWD,28,34,Used
Honda,Civic,22995.0,2017,21739,4 Cyl,Blue,Unspecified,Automatic,FWD,31,40,Used
Honda,HR-V,21991.0,2019,12323,4 Cyl,White,Black,Automatic,FWD,28,34,Used
Honda,Civic,14995.0,2016,39866,4 Cyl,Gray,Black,Automatic,FWD,30,40,Used
Honda,Civic,19646.0,2017,31793,4 Cyl,Unspecified,Unspecified,Automatic,FWD,31,40,Used
Honda,Pilot,14427.0,2012,132223,6 Cyl,Unspecified,Unspecified,Automatic,FWD,18,25,Used
Honda,Odyssey,17742.0,2015,63058,6 Cyl,Gray,Gray,Automatic,FWD,19,27,Used
Honda,Civic,19646.0,2017,31793,4 Cyl,Unspecified,Unspecified,Automatic,FWD,31,40,Used
Honda,CR-V,22999.0,2018,17781,4 Cyl,White,Black,Automatic,FWD,26,32,Used
Honda,Accord,23699.0,2018,25538,4 Cyl,Red,Black,Automatic,FWD,29,35,Used
Honda,Civic,15288.0,2017,51297,4 Cyl,Gray,Gray,Automatic,FWD,31,40,Used
Honda,Odyssey,26500.0,2016,32401,6 Cyl,Gray,Gray,Automatic,FWD,19,27,Used
Honda,Fit,11384.0,2015,61609,4 Cyl,Yellow,Black,Automatic,FWD,32,37,Used
Honda,Accord,24742.0,2019,10542,4 Cyl,White,Black,Automatic,FWD,29,35,Used
Honda,CR-V,15481.0,2014,38466,4 Cyl,Brown,Black,Automatic,FWD,23,30,Used
Honda,Civic,14981.0,2017,35542,4 Cyl,Gray,Black,Automatic,FWD,31,40,Used
Honda,Fit,12481.0,2015,24078,4 Cyl,Black,Black,Automatic,FWD,32,37,Used
Honda,Accord,4995.0,2003,102838,4 Cyl,Beige,Tan,Automatic,FWD,21,31,Used
Honda,Accord,12495.0,2014,83436,4 Cyl,Burgundy,Tan,Automatic,FWD,26,33,Used
Honda,Accord,12997.0,2013,91000,4 Cyl,Black,Gray,Automatic,FWD,26,34,Used
Honda,Accord,25995.0,2018,35094,4 Cyl,Red,Unspecified,Automatic,FWD,29,35,Used
Honda,Civic,25995.0,2018,24099,4 Cyl,Gray,Unspecified,Manual,FWD,28,38,Used
Honda,Civic,21995.0,2018,27844,4 Cyl,White,Unspecified,Automatic,FWD,31,40,Used
Honda,Civic,22995.0,2017,33540,4 Cyl,White,Unspecified,Automatic,FWD,31,40,Used
Honda,Civic,20995.0,2017,35357,4 Cyl,Gray,Unspecified,Automatic,FWD,30,36,Used
Honda,Civic,22995.0,2018,13088,4 Cyl,Blue,Unspecified,Automatic,FWD,31,40,Used
Honda,HR-V,19995.0,2016,41432,4 Cyl,White,Unspecified,Automatic,AWD,27,32,Used
Honda,Civic,20995.0,2017,65827,4 Cyl,Gray,Unspecified,Automatic,FWD,31,40,Used
Honda,Accord,11995.0,2013,167496,4 Cyl,Black,Unspecified,Automatic,FWD,26,34,Used
Honda,Accord,20995.0,2016,30015,4 Cyl,Black,Unspecified,Automatic,FWD,26,34,Used
Honda,Civic,18430.0,2019,24906,4 Cyl,Blue,Unspecified,Automatic,FWD,29,37,Used
Honda,Odyssey,4990.0,2003,118335,6 Cyl,Gold,Tan,Automatic,FWD,16,23,Used
Honda,Accord,18995.0,2017,63935,4 Cyl,Silver,Gray,Automatic,FWD,26,34,Used
Honda,Fit,18488.0,2018,4400,4 Cyl,Black,Black,Automatic,FWD,31,36,Used
Honda,Civic,18688.0,2017,28988,4 Cyl,Black,Black,Automatic,FWD,31,40,Used
Honda,Fit,16288.0,2017,9083,4 Cyl,Red,Black,Automatic,FWD,32,37,Used
Honda,Civic,17288.0,2017,30276,4 Cyl,Silver,Black,Automatic,FWD,31,40,Used
Honda,Civic,15988.0,2016,39730,4 Cyl,White,Black,Automatic,FWD,30,40,Used
Honda,Accord,24500.0,2018,11915,4 Cyl,Gray,Black,Automatic,FWD,29,35,Used
Honda,Civic,18988.0,2017,15314,4 Cyl,Unspecified,Black,Manual,FWD,30,39,Used
Honda,Pilot,20000.0,2015,74412,6 Cyl,Gray,Gray,Automatic,FWD,18,25,Used
Honda,Civic,14995.0,2018,22076,4 Cyl,Black,Black,Automatic,FWD,31,40,Used
Honda,Civic,10768.0,2014,60685,4 Cyl,Black,Unspecified,Automatic,FWD,29,37,Used
Honda,Civic,18457.0,2017,34320,4 Cyl,White,Black,Automatic,FWD,31,40,Used
Honda,Accord Crosstour,10980.0,2013,102150,4 Cyl,Black,Black,Automatic,FWD,22,30,Used
Honda,Accord,8750.0,2010,74065,4 Cyl,Gray,Gray,Automatic,FWD,21,31,Used
Honda,Element,8288.0,2008,133882,4 Cyl,Blue,Black,Automatic,FWD,20,25,Used
Honda,Civic,16997.0,2016,39996,4 Cyl,Black,Black,Automatic,FWD,30,40,Used
Honda,Fit,5889.0,2011,181347,4 Cyl,Gray,Gray,Automatic,FWD,27,33,Used
Honda,Accord,15995.0,2017,76735,4 Cyl,White,White,Automatic,FWD,26,34,Used
Honda,Civic,12990.0,2016,56357,4 Cyl,Purple,Tan,Automatic,FWD,30,40,Used
Honda,Accord,21995.0,2017,12882,4 Cyl,White,Unspecified,Automatic,FWD,26,34,Used
Honda,Civic,18299.0,2016,11494,4 Cyl,White,Unspecified,Automatic,FWD,30,40,Used
Honda,Accord,21988.0,2017,37403,4 Cyl,White,Black,Automatic,FWD,26,34,Used
Honda,Accord,5997.0,2008,173696,4 Cyl,Gray,Black,Automatic,FWD,21,31,Used
Honda,Civic,9100.0,2014,135273,4 Cyl,White,Unspecified,Automatic,FWD,29,37,Used
Honda,Accord,17605.0,2017,37366,4 Cyl,White,Tan,Automatic,FWD,26,34,Used
Honda,Civic,20922.0,2017,20515,4 Cyl,Blue,Unspecified,Automatic,FWD,31,40,Used
Honda,Accord,17605.0,2017,37366,4 Cyl,White,Tan,Automatic,FWD,26,34,Used
Honda,HR-V,18183.0,2017,22950,4 Cyl,Black,Gray,Automatic,FWD,28,34,Used
Honda,Civic,9100.0,2014,135273,4 Cyl,White,Unspecified,Automatic,FWD,29,37,Used
Honda,Pilot,33891.0,2018,14254,6 Cyl,Gray,Unspecified,Automatic,FWD,19,27,Used
Honda,CR-V,16981.0,2016,44643,4 Cyl,Black,Black,Automatic,FWD,26,32,Used
Honda,Accord,11995.0,2015,94373,4 Cyl,Blue,Gray,Automatic,FWD,26,34,Used
Honda,Ridgeline,10995.0,2006,120853,6 Cyl,Black,Tan,Automatic,4WD,15,20,Used
Honda,Accord,7495.0,2011,152674,4 Cyl,Black,Black,Automatic,FWD,22,33,Used
Honda,Odyssey,20395.0,2016,67833,6 Cyl,White,Gray,Automatic,FWD,19,27,Used
Honda,Civic,8495.0,2012,106835,4 Cyl,Gray,Tan,Automatic,FWD,28,38,Used
Honda,Fit,8495.0,2009,77360,4 Cyl,White,Black,Automatic,FWD,27,33,Used
Honda,HR-V,17469.0,2016,17716,4 Cyl,Gray,Gray,Manual,FWD,25,33,Used
Honda,Pilot,26900.0,2017,32329,6 Cyl,Gray,Unspecified,Automatic,AWD,18,26,Used
Honda,Accord,23900.0,2018,18443,4 Cyl,Black,Unspecified,Automatic,FWD,29,35,Used
Honda,CR-V,17499.0,2016,39101,4 Cyl,Unspecified,Unspecified,Automatic,AWD,25,31,Used
Honda,Civic,13995.0,2016,84967,4 Cyl,Black,Unspecified,Automatic,FWD,30,40,Used
Honda,CR-V,10990.0,2009,86041,4 Cyl,Red,Gray,Automatic,4WD,20,26,Used
Honda,Civic,8990.0,2010,62000,4 Cyl,Red,Black,Automatic,FWD,25,36,Used
Honda,CR-V,21592.0,2018,9875,4 Cyl,Black,Black,Automatic,FWD,26,32,Used
Honda,Odyssey,38999.0,2018,30016,6 Cyl,Black,Unspecified,Automatic,FWD,19,28,Used
Honda,Odyssey,9750.0,2010,139808,6 Cyl,Gray,Gray,Automatic,FWD,16,23,Used
Honda,Accord,8595.0,2012,157898,6 Cyl,White,White,Automatic,FWD,20,30,Used
Honda,Civic,24997.0,2019,13525,4 Cyl,White,Black,Manual,FWD,28,38,Used
Honda,CR-V,29988.0,2018,15428,4 Cyl,White,Unspecified,Automatic,AWD,27,33,Used
Honda,Accord,9597.0,2013,121000,4 Cyl,Black,Tan,Automatic,FWD,26,34,Used
Honda,Civic,18989.0,2018,14480,4 Cyl,Gray,Unspecified,Automatic,FWD,31,40,Used
Honda,CR-V,23800.0,2018,30293,4 Cyl,White,Gray,Automatic,AWD,27,33,Used
Honda,Pilot,7452.0,2008,106262,6 Cyl,Gray,Gray,Automatic,FWD,16,22,Used
Honda,CR-V,14854.0,2016,85506,4 Cyl,Blue,Gray,Automatic,AWD,25,31,Used
Honda,CR-V,19249.0,2015,50203,4 Cyl,Bronze,Gray,Automatic,FWD,27,33,Used
Honda,Accord,17991.0,2016,52218,4 Cyl,White,Black,Automatic,FWD,26,34,Used
Honda,CR-V,20495.0,2016,59366,4 Cyl,Silver,Gray,Automatic,AWD,25,31,Used
Honda,Ridgeline,14989.0,2009,120816,6 Cyl,Silver,Black,Automatic,4WD,15,20,Used
Honda,Accord,12995.0,2013,80009,4 Cyl,Red,Black,Automatic,FWD,26,34,Used
Honda,Civic,12900.0,2012,117169,4 Cyl,Black,Black,Manual,FWD,22,31,Used
Honda,Civic,10495.0,2014,122860,4 Cyl,Unspecified,Unspecified,Automatic,FWD,29,37,Used
Honda,Accord,11597.0,2013,110000,4 Cyl,Black,Black,Automatic,FWD,26,34,Used
Honda,Accord,24998.0,2019,6900,4 Cyl,Red,Black,Automatic,FWD,29,35,Used
Honda,Civic,18995.0,2018,27648,4 Cyl,White,Tan,Manual,FWD,29,38,Used
Honda,Pilot,7995.0,2005,128584,6 Cyl,Silver,Unspecified,Automatic,4WD,15,20,Used
Honda,HR-V,13995.0,2016,116568,4 Cyl,Red,Unspecified,Automatic,FWD,28,34,Used
Honda,Odyssey,14995.0,2012,112831,6 Cyl,Gray,Gray,Automatic,FWD,18,27,Used
Honda,CR-V,9999.0,2011,147604,4 Cyl,Red,Gray,Automatic,4WD,21,27,Used
Honda,Odyssey,18798.0,2013,68116,6 Cyl,Silver,Gray,Automatic,FWD,18,27,Used
Honda,Odyssey,7495.0,2006,117018,6 Cyl,Blue,Black,Automatic,FWD,17,23,Used
Honda,CR-V,30995.0,2017,28975,4 Cyl,Gray,Unspecified,Automatic,FWD,28,34,Used
Honda,CR-V,11991.0,2013,99894,4 Cyl,Silver,Gray,Automatic,FWD,23,30,Used
Honda,CR-V,14981.0,2015,57581,4 Cyl,Gray,Gray,Automatic,FWD,27,33,Used
Honda,CR-V,14981.0,2015,54675,4 Cyl,Silver,Gray,Automatic,FWD,27,33,Used
Honda,Accord,15981.0,2017,49221,4 Cyl,Gray,Gray,Automatic,FWD,26,34,Used
Honda,Fit,7411.0,2013,152118,4 Cyl,White,Gray,Automatic,FWD,27,33,Used
Honda,CR-V,10173.0,2010,148786,4 Cyl,Silver,Gray,Automatic,4WD,21,27,Used
Honda,CR-V,17900.0,2016,29223,4 Cyl,Gray,Black,Automatic,FWD,26,32,Used
Honda,CR-V,24681.0,2018,36187,4 Cyl,Gold,Gray,Automatic,FWD,28,34,Used
Honda,Accord,20788.0,2017,43254,4 Cyl,Black,Black,Automatic,FWD,26,34,Used
Honda,Fit,7993.0,2009,139931,4 Cyl,White,Black,Automatic,FWD,27,33,Used
Honda,Civic,16995.0,2017,14343,4 Cyl,Black,Black,Automatic,FWD,31,40,Used
Honda,Accord,17988.0,2017,35778,4 Cyl,Silver,Unspecified,Automatic,FWD,26,34,Used
Honda,Accord,31988.0,2019,5039,4 Cyl,White,Black,Automatic,FWD,48,48,Used
Honda,Passport,39988.0,2019,588,6 Cyl,Gray,Unspecified,Automatic,AWD,19,24,Used
Honda,CR-V,31955.0,2018,14595,4 Cyl,White,Unspecified,Automatic,AWD,27,33,Used
Honda,CR-V,24988.0,2017,26101,4 Cyl,Black,Unspecified,Automatic,FWD,28,34,Used
Honda,Civic,18999.0,2016,64800,4 Cyl,Gray,Unspecified,Automatic,FWD,30,40,Used
Honda,CR-V,10999.0,2013,96495,4 Cyl,Blue,Gray,Automatic,FWD,23,30,Used
Honda,CR-V,18488.0,2016,48313,4 Cyl,Blue,Black,Automatic,FWD,26,32,Used
Honda,Odyssey,12999.0,2012,98000,6 Cyl,Silver,Gray,Automatic,FWD,18,27,Used
Honda,Pilot,15000.0,2013,120777,6 Cyl,Silver,Unspecified,Automatic,FWD,18,25,Used
Honda,HR-V,16555.0,2016,62992,4 Cyl,Blue,Gray,Automatic,AWD,27,32,Used
Honda,Fit,15838.0,2017,14993,4 Cyl,White,Black,Automatic,FWD,32,37,Used
Honda,Pilot,20000.0,2016,101030,6 Cyl,Blue,Black,Automatic,AWD,18,25,Used
Honda,CR-V,19622.0,2016,36739,4 Cyl,Bronze,Unspecified,Automatic,FWD,26,32,Used
Honda,Civic,15922.0,2016,35190,4 Cyl,Black,Unspecified,Automatic,FWD,30,40,Used
Honda,Accord,5776.0,2007,185094,4 Cyl,Unspecified,Unspecified,Automatic,FWD,21,31,Used
Honda,Accord,15500.0,2016,91136,4 Cyl,White,Unspecified,Automatic,FWD,26,34,Used
Honda,Accord,5776.0,2007,185094,4 Cyl,Unspecified,Unspecified,Automatic,FWD,21,31,Used
Honda,Pilot,16898.0,2014,110637,6 Cyl,Gray,Gray,Automatic,4WD,17,24,Used
Honda,Pilot,28799.0,2018,25584,6 Cyl,Gray,Gray,Automatic,FWD,19,27,Used
Honda,Accord,17995.0,2016,35725,4 Cyl,Red,Unspecified,Automatic,FWD,26,34,Used
Honda,Civic,16985.0,2018,36817,4 Cyl,Black,Unspecified,Automatic,FWD,31,40,Used
Honda,CR-V,19991.0,2015,29006,4 Cyl,Silver,Black,Automatic,FWD,27,33,Used
Honda,CR-V,7795.0,2005,122480,4 Cyl,Gray,Black,Automatic,4WD,20,25,Used
Honda,HR-V,15598.0,2016,48000,4 Cyl,Blue,Black,Automatic,FWD,28,34,Used
Honda,Pilot,15595.0,2012,112122,6 Cyl,Gray,Black,Automatic,4WD,17,24,Used
Honda,Pilot,16991.0,2014,123491,6 Cyl,Gray,Gray,Automatic,4WD,17,24,Used
Honda,Civic,8500.0,2012,129258,4 Cyl,Silver,Gray,Automatic,FWD,28,38,Used
Honda,Civic,16595.0,2017,34900,4 Cyl,Blue,Gray,Automatic,FWD,31,40,Used
Honda,CR-V,10598.0,2010,82000,4 Cyl,Blue,Gray,Automatic,FWD,21,28,Used
Honda,Civic,10840.0,2014,100368,4 Cyl,Silver,Black,Automatic,FWD,29,37,Used
Honda,CR-V,8576.0,2007,103561,4 Cyl,Unspecified,Unspecified,Automatic,FWD,20,27,Used
Honda,Accord,9997.0,2012,115000,4 Cyl,Gray,Gray,Automatic,FWD,22,33,Used
Honda,Odyssey,14340.0,2011,120172,6 Cyl,Gray,Gray,Automatic,FWD,18,27,Used
Honda,Civic,17995.0,2017,31656,4 Cyl,White,Tan,Automatic,FWD,31,40,Used
Honda,CR-V,18999.0,2014,52306,4 Cyl,Blue,Unspecified,Automatic,FWD,23,30,Used
Honda,Accord,8495.0,2010,115949,4 Cyl,Silver,Black,Automatic,FWD,21,31,Used
Honda,Accord,17555.0,2017,38590,4 Cyl,Black,Black,Automatic,FWD,26,34,Used
Honda,Accord,8877.0,2007,124208,6 Cyl,Blue,Gray,Manual,FWD,18,27,Used
Honda,Accord,8699.0,2012,109928,4 Cyl,Silver,Black,Automatic,FWD,22,32,Used
Honda,Civic,4495.0,2004,138455,4 Cyl,Black,Black,Manual,FWD,27,34,Used
Honda,Civic,18866.0,2017,44289,4 Cyl,Black,Black,Automatic,FWD,31,40,Used
Honda,CR-V,15803.0,2016,50075,4 Cyl,Gray,Black,Automatic,FWD,26,32,Used
Honda,Accord,17530.0,2014,38317,6 Cyl,Black,Black,Automatic,FWD,21,31,Used
Honda,Odyssey,24988.0,2016,43184,6 Cyl,Gray,Unspecified,Automatic,FWD,19,27,Used
Honda,Accord,6750.0,2004,99250,4 Cyl,Burgundy,Gray,Automatic,FWD,21,31,Used
Honda,CR-V,5995.0,2005,166445,4 Cyl,Red,Tan,Automatic,4WD,20,25,Used
Honda,CR-V,26988.0,2018,29617,4 Cyl,Gray,Unspecified,Automatic,FWD,28,34,Used
Honda,Pilot,28988.0,2016,45227,6 Cyl,Gray,Unspecified,Automatic,AWD,18,25,Used
Honda,Civic,6500.0,2008,110611,4 Cyl,Black,Gray,Automatic,FWD,25,36,Used
Honda,CR-V,12500.0,2011,66319,4 Cyl,Silver,Black,Automatic,FWD,21,28,Used
Honda,CR-V,13995.0,2015,150959,4 Cyl,Gray,Unspecified,Automatic,AWD,26,32,Used
Honda,Civic,22995.0,2018,12002,4 Cyl,White,Unspecified,Automatic,FWD,31,40,Used
Honda,CR-V,10982.0,2011,108088,4 Cyl,Gray,Black,Automatic,4WD,21,27,Used
Honda,Pilot,13999.0,2012,132000,6 Cyl,Gray,Black,Automatic,4WD,17,24,Used
Honda,Accord,10777.0,2012,67498,4 Cyl,Black,Gray,Manual,FWD,23,31,Used
Honda,Odyssey,18998.0,2015,90000,6 Cyl,White,Tan,Automatic,FWD,19,27,Used
Honda,Odyssey,15598.0,2012,81000,6 Cyl,Gray,Gray,Automatic,FWD,18,27,Used
Honda,CR-V,15898.0,2013,72361,4 Cyl,Red,Gray,Automatic,FWD,23,30,Used
Honda,Civic,15551.0,2016,75110,4 Cyl,Silver,Black,Automatic,FWD,31,42,Used
Honda,Accord,16955.0,2017,47975,4 Cyl,White,White,Automatic,FWD,26,34,Used
Honda,Pilot,10995.0,2011,137007,6 Cyl,Gray,Gray,Automatic,FWD,17,23,Used
Honda,CR-V,15993.0,2013,41329,4 Cyl,White,Black,Automatic,FWD,23,30,Used
Honda,CR-V,9991.0,2010,98613,4 Cyl,Black,Unspecified,Automatic,FWD,21,28,Used
Honda,Civic,15777.0,2017,33203,4 Cyl,Unspecified,Unspecified,Automatic,FWD,31,40,Used
Honda,Accord,8995.0,2010,106828,4 Cyl,Silver,Black,Automatic,FWD,21,31,Used
Honda,Pilot,19995.0,2015,116569,6 Cyl,White,Gray,Automatic,4WD,17,24,Used
Honda,Ridgeline,7988.0,2006,198591,6 Cyl,Blue,Black,Automatic,4WD,15,20,Used
Honda,Accord,17955.0,2017,67734,4 Cyl,Black,Black,Automatic,FWD,26,34,Used
Honda,Civic,7990.0,2009,75549,4 Cyl,Black,Black,Manual,FWD,26,34,Used
Honda,CR-V,8598.0,2009,121000,4 Cyl,Brown,Black,Automatic,FWD,20,27,Used
Honda,Civic,16855.0,2016,28364,4 Cyl,Silver,Black,Automatic,FWD,30,40,Used
Honda,Civic,19455.0,2018,27051,4 Cyl,Blue,Black,Automatic,FWD,31,40,Used
Honda,Civic,9995.0,2013,127535,4 Cyl,Gray,Black,Automatic,FWD,28,39,Used
Honda,CR-V,22555.0,2017,71568,4 Cyl,Red,Gray,Automatic,AWD,27,33,Used
Honda,Pilot,15889.0,2015,120913,6 Cyl,White,Gray,Automatic,FWD,18,25,Used
Honda,Pilot,19599.0,2016,73656,6 Cyl,Unspecified,Unspecified,Automatic,FWD,19,27,Used
Honda,CR-V,10988.0,2010,79468,4 Cyl,White,Unspecified,Automatic,FWD,21,28,Used
Honda,Civic,11988.0,2014,68959,4 Cyl,Gray,Unspecified,Automatic,FWD,29,37,Used
Honda,Accord,23995.0,2017,27757,4 Cyl,Black,Unspecified,Automatic,FWD,26,34,Used
Honda,Accord,23995.0,2017,6547,4 Cyl,Gray,Gray,Automatic,FWD,26,34,Used
Honda,CR-V,25988.0,2018,14115,4 Cyl,Gray,Gray,Automatic,FWD,28,34,Used
Honda,CR-V,26988.0,2019,1019,4 Cyl,Gray,Gray,Automatic,FWD,28,34,Used
Honda,CR-V,21888.0,2017,55530,4 Cyl,Red,White,Automatic,AWD,27,33,Used
Honda,Accord,18512.0,2017,22172,4 Cyl,Red,Unspecified,Automatic,FWD,26,34,Used
Honda,CR-V,21995.0,2016,17802,4 Cyl,Silver,Unspecified,Automatic,FWD,26,32,Used
Honda,Pilot,22995.0,2015,78735,6 Cyl,White,Unspecified,Automatic,FWD,18,25,Used
Honda,Accord,18995.0,2015,56950,4 Cyl,Blue,Unspecified,Automatic,FWD,26,34,Used
Honda,CR-V,18995.0,2014,49704,4 Cyl,Gray,Unspecified,Automatic,FWD,23,30,Used
Honda,CR-V,12988.0,2014,67678,4 Cyl,Brown,Black,Automatic,AWD,22,29,Used
Honda,Accord,15988.0,2015,50532,4 Cyl,Silver,Gray,Automatic,FWD,26,34,Used
Honda,Civic,5995.0,2008,193333,4 Cyl,Red,Black,Manual,FWD,21,29,Used
Honda,Fit,17488.0,2016,25897,4 Cyl,White,Black,Automatic,FWD,32,37,Used
Honda,Civic,5995.0,2008,193333,4 Cyl,Red,Black,Manual,FWD,21,29,Used
Honda,Civic,21700.0,2018,30951,4 Cyl,Unspecified,Unspecified,Manual,FWD,28,38,Used
Honda,Accord,12985.0,2015,91325,4 Cyl,White,Unspecified,Automatic,FWD,26,34,Used
Honda,Civic,17595.0,2018,21906,4 Cyl,Black,Black,Automatic,FWD,31,40,Used
Honda,Pilot,32898.0,2018,8330,6 Cyl,Silver,Gray,Automatic,AWD,18,26,Used
Honda,Civic,19955.0,2019,8800,4 Cyl,Blue,Black,Automatic,FWD,29,36,Used
Honda,Odyssey,6555.0,2006,154261,6 Cyl,Silver,Gray,Automatic,FWD,17,23,Used
Honda,Civic,16955.0,2017,27615,4 Cyl,Silver,Black,Automatic,FWD,31,40,Used
Honda,CR-V,24995.0,2017,37246,4 Cyl,Gray,Gray,Automatic,FWD,28,34,Used
Honda,Pilot,28691.0,2018,25430,6 Cyl,White,Tan,Automatic,FWD,19,27,Used
Honda,CR-V,11995.0,2010,118320,4 Cyl,Unspecified,Unspecified,Automatic,4WD,21,27,Used
Honda,Accord,20555.0,2018,36927,4 Cyl,Beige,White,Automatic,FWD,29,35,Used
Honda,Accord,15955.0,2016,86466,4 Cyl,Black,Black,Automatic,FWD,26,34,Used
Honda,Civic,17355.0,2018,35260,4 Cyl,Gray,Gray,Automatic,FWD,31,40,Used
Honda,CR-V,27255.0,2018,20840,4 Cyl,Beige,White,Automatic,FWD,28,34,Used
Honda,Accord,23555.0,2018,29094,4 Cyl,Gray,Black,Automatic,FWD,29,35,Used
Honda,CR-V,28555.0,2017,10895,4 Cyl,Gray,Gray,Automatic,FWD,28,34,Used
Honda,Fit,12555.0,2017,73298,4 Cyl,Gray,Black,Automatic,FWD,32,37,Used
Honda,Pilot,37955.0,2018,26854,6 Cyl,Silver,Gray,Automatic,AWD,18,26,Used
Honda,CR-V,21955.0,2017,32520,4 Cyl,Gray,Gray,Automatic,AWD,25,31,Used
Honda,Accord,15995.0,2016,78492,4 Cyl,Black,Black,Automatic,FWD,26,34,Used
Honda,S2000,16999.0,2006,114000,4 Cyl,Black,Black,Manual,RWD,18,24,Used
Honda,Accord,22995.0,2015,59276,6 Cyl,Red,Unspecified,Automatic,FWD,21,31,Used
Honda,CR-V,15991.0,2015,48185,4 Cyl,Gray,Gray,Automatic,FWD,27,33,Used
Honda,Civic,15995.0,2015,76335,4 Cyl,Black,Black,Manual,FWD,22,31,Used
Honda,Civic,15990.0,2015,98344,4 Cyl,Black,Red,Manual,FWD,22,31,Used
Honda,Accord,14399.0,2014,74957,4 Cyl,White,Unspecified,Automatic,FWD,26,33,Used
Honda,Civic,18988.0,2013,70125,4 Cyl,White,Black,Manual,FWD,22,31,Used
Honda,Civic,16988.0,2015,47504,4 Cyl,Gray,Black,Automatic,FWD,29,37,Used
Honda,Fit,14995.0,2016,38757,4 Cyl,Blue,Black,Automatic,FWD,32,37,Used
Honda,Pilot,5995.0,2007,152742,6 Cyl,Silver,Black,Automatic,FWD,16,22,Used
Honda,Accord,0.0,2015,53267,4 Cyl,Black,Black,Automatic,FWD,26,34,Used
Honda,Accord,6450.0,2005,116191,4 Cyl,Silver,Black,Automatic,FWD,21,31,Used
Honda,CR-V,12988.0,2014,115689,4 Cyl,Unspecified,Unspecified,Automatic,FWD,23,30,Used
Honda,CR-V,29488.0,2019,1006,4 Cyl,Gray,Gray,Automatic,FWD,28,34,Used
Honda,CR-V,12605.0,2014,110808,4 Cyl,Red,Unspecified,Automatic,FWD,23,30,Used
Honda,Accord,19319.0,2017,42235,4 Cyl,Silver,Gray,Automatic,FWD,26,34,Used
Honda,Accord,22427.0,2017,35631,4 Cyl,Black,Black,Automatic,FWD,26,34,Used
Honda,CR-V,16481.0,2016,32158,4 Cyl,Black,Black,Automatic,FWD,26,32,Used
Honda,Accord,22988.0,2017,19991,4 Cyl,Silver,Unspecified,Automatic,FWD,26,34,Used
Honda,CR-V,6991.0,2008,157141,4 Cyl,Black,Black,Automatic,FWD,20,27,Used
Honda,Civic,8995.0,2012,113645,4 Cyl,Brown,Tan,Automatic,FWD,28,38,Used
Honda,Odyssey,27966.0,2018,30534,6 Cyl,Gray,Gray,Automatic,FWD,19,28,Used
Honda,CR-V,15900.0,2016,63723,4 Cyl,Brown,Unspecified,Automatic,FWD,26,32,Used
Honda,Accord,19500.0,2017,36774,4 Cyl,Silver,Black,Automatic,FWD,26,34,Used
Honda,CR-V,16481.0,2016,44844,4 Cyl,Black,Black,Automatic,FWD,26,32,Used
Honda,Civic,17981.0,2017,19382,4 Cyl,Gray,Black,Automatic,FWD,31,40,Used
Honda,Civic,12288.0,2015,85820,4 Cyl,White,Tan,Automatic,FWD,29,37,Used
Honda,Odyssey,13995.0,2012,121589,6 Cyl,Gray,Gray,Automatic,FWD,18,27,Used
Honda,HR-V,21288.0,2019,14829,4 Cyl,Gray,Black,Automatic,AWD,26,31,Used
Honda,Pilot,12800.0,2010,96841,6 Cyl,Gold,Tan,Automatic,FWD,17,23,Used
Honda,Civic,16888.0,2015,18932,4 Cyl,Red,Tan,Automatic,FWD,29,37,Used
Honda,Odyssey,34988.0,2018,17099,6 Cyl,White,Tan,Automatic,FWD,19,28,Used
Honda,Civic,17488.0,2017,27336,4 Cyl,Gray,Black,Automatic,FWD,31,40,Used
Honda,Civic,19188.0,2018,19412,4 Cyl,Gray,Black,Automatic,FWD,31,40,Used
Honda,Civic,18888.0,2018,25560,4 Cyl,Blue,Gray,Automatic,FWD,31,40,Used
Honda,Pilot,26388.0,2017,34859,6 Cyl,Gray,Gray,Automatic,FWD,19,27,Used
Honda,Civic,17888.0,2015,38078,4 Cyl,White,Black,Automatic,FWD,29,37,Used
Honda,Pilot,22888.0,2016,57767,6 Cyl,Gray,Tan,Automatic,FWD,19,27,Used
Honda,CR-V,15999.0,2014,55604,4 Cyl,Brown,Black,Automatic,FWD,23,30,Used
Honda,Civic,8995.0,2012,101452,4 Cyl,White,Gray,Automatic,FWD,28,38,Used
Honda,Pilot,19242.0,2012,69117,6 Cyl,Black,Black,Automatic,4WD,17,24,Used
Honda,CR-V,13747.0,2013,106976,4 Cyl,Brown,Tan,Automatic,AWD,22,29,Used
Honda,Civic,5500.0,2005,163842,4 Cyl,White,Tan,Automatic,FWD,25,34,Used
Honda,Accord,5992.0,2003,122015,6 Cyl,White,Tan,Manual,FWD,18,27,Used
Honda,Accord,15989.0,2016,92423,6 Cyl,White,Black,Automatic,FWD,21,33,Used
Honda,Civic,4500.0,2005,166828,4 Cyl,Black,Gray,Automatic,FWD,25,34,Used
Honda,Civic,15995.0,2017,46057,4 Cyl,Black,Black,Automatic,FWD,31,40,Used
Honda,Accord,9995.0,2011,123960,4 Cyl,Gray,Black,Automatic,FWD,22,33,Used
Honda,Accord,23800.0,2018,17190,4 Cyl,Red,Black,Automatic,FWD,29,35,Used
Honda,CR-V,12800.0,2015,102622,4 Cyl,Silver,Black,Automatic,FWD,27,33,Used
Honda,Accord,20488.0,2017,42143,4 Cyl,White,Unspecified,Automatic,FWD,26,34,Used
Honda,Civic,5750.0,2004,85754,4 Cyl,White,Tan,Automatic,FWD,25,34,Used
Honda,Pilot,34636.0,2017,27873,6 Cyl,White,Tan,Automatic,FWD,19,27,Used
Honda,CR-V,13572.0,2014,99238,4 Cyl,Unspecified,Black,Automatic,FWD,23,30,Used
Honda,Accord,15900.0,2016,57933,4 Cyl,Black,Tan,Automatic,FWD,26,34,Used
Honda,S2000,17900.0,2008,94120,4 Cyl,Gray,Unspecified,Manual,RWD,18,25,Used
Honda,Odyssey,12450.0,2012,138120,6 Cyl,Gray,Gray,Automatic,FWD,18,27,Used
Honda,Civic,18988.0,2016,19203,4 Cyl,White,Black,Automatic,FWD,31,41,Used
Honda,Element,7908.0,2008,185111,4 Cyl,Gray,Black,Automatic,4WD,19,24,Used
Honda,Civic,15988.0,2017,59880,4 Cyl,Unspecified,Unspecified,Automatic,FWD,31,40,Used
Honda,Ridgeline,0.0,2019,8510,6 Cyl,Unspecified,Unspecified,Automatic,FWD,19,26,Used
Honda,CR-V,23997.0,2018,6048,4 Cyl,Red,White,Automatic,AWD,25,31,Used
Honda,Accord,6990.0,2007,106433,4 Cyl,Silver,Black,Automatic,FWD,21,31,Used
Honda,Accord,9988.0,2009,98237,6 Cyl,Red,Black,Automatic,FWD,19,28,Used
Honda,Civic,3950.0,2001,122000,4 Cyl,Burgundy,Tan,Manual,FWD,27,33,Used
Honda,Odyssey,29776.0,2018,14236,6 Cyl,Gray,Gray,Automatic,FWD,19,28,Used
Honda,Pilot,12480.0,2011,147142,6 Cyl,White,Gray,Automatic,4WD,16,22,Used
Honda,Civic,7995.0,2010,105785,4 Cyl,Gray,Black,Automatic,FWD,25,36,Used
Honda,Accord,14988.0,2015,95594,4 Cyl,White,Unspecified,Automatic,FWD,26,34,Used
Honda,Accord,3995.0,2001,195908,4 Cyl,Black,Gray,Automatic,FWD,20,27,Used
Honda,Accord,17981.0,2016,42106,4 Cyl,White,Black,Automatic,FWD,26,34,Used
Honda,Accord,13756.0,2014,91838,4 Cyl,Silver,Black,Automatic,FWD,26,33,Used
Honda,Civic,20999.0,2018,6731,4 Cyl,White,Unspecified,Automatic,FWD,31,40,Used
Honda,Accord,19999.0,2017,45327,4 Cyl,White,Black,Automatic,FWD,26,34,Used
Honda,Civic,6995.0,2012,133072,4 Cyl,Gray,Gray,Automatic,FWD,43,44,Used
Honda,Fit,15900.0,2018,41200,4 Cyl,Gray,Unspecified,Automatic,FWD,31,36,Used
Honda,Civic,10995.0,2015,104880,4 Cyl,Black,Unspecified,Automatic,FWD,29,37,Used
Honda,Civic,11995.0,2014,90735,4 Cyl,Black,Unspecified,Automatic,FWD,29,37,Used
Honda,Civic,10995.0,2015,114285,4 Cyl,Black,Gray,Automatic,FWD,29,37,Used
Honda,Accord,13597.0,2014,71000,4 Cyl,White,Tan,Automatic,FWD,26,33,Used
Honda,CR-V,15482.0,2012,83131,4 Cyl,Silver,Gray,Automatic,AWD,22,29,Used
Honda,Accord,9997.0,2012,154126,4 Cyl,Unspecified,Unspecified,Automatic,FWD,22,33,Used
Honda,Accord,4588.0,2004,143096,4 Cyl,Gold,Tan,Manual,FWD,23,31,Used
Honda,Pilot,14688.0,2012,142172,6 Cyl,Gray,Black,Automatic,4WD,17,24,Used
Honda,Accord,13999.0,2016,85000,4 Cyl,Gray,Black,Automatic,FWD,26,34,Used
Honda,Odyssey,23999.0,2016,48695,6 Cyl,Gray,Unspecified,Automatic,FWD,19,27,Used
Honda,Accord,7998.0,2011,153000,4 Cyl,Gray,Black,Automatic,FWD,22,33,Used
Honda,Civic,12955.0,2017,89974,4 Cyl,Red,Black,Automatic,FWD,31,40,Used
Honda,Accord,3999.0,2006,181001,4 Cyl,Blue,Gray,Automatic,FWD,21,31,Used
Honda,CR-V,9988.0,2008,91561,4 Cyl,Black,Black,Automatic,4WD,20,26,Used
Honda,CR-V,23997.0,2018,5829,4 Cyl,Silver,Black,Automatic,AWD,25,31,Used
Honda,Fit,6988.0,2009,139226,4 Cyl,White,Black,Automatic,FWD,27,33,Used
Honda,Odyssey,13875.0,2012,106710,6 Cyl,Black,Gray,Automatic,FWD,18,27,Used
Honda,Accord,17418.0,2017,36669,4 Cyl,Gray,Unspecified,Automatic,FWD,26,34,Used
Honda,Odyssey,6950.0,2005,138552,6 Cyl,Beige,Tan,Automatic,FWD,17,23,Used
Honda,Odyssey,19995.0,2015,43391,6 Cyl,Silver,Unspecified,Automatic,FWD,19,27,Used
Honda,Odyssey,22644.0,2015,53030,6 Cyl,White,Gray,Automatic,FWD,19,27,Used
Honda,CR-V,25955.0,2017,21891,4 Cyl,Gold,Unspecified,Automatic,FWD,28,34,Used
Honda,Civic,20988.0,2017,61765,4 Cyl,White,Unspecified,Manual,FWD,28,38,Used
Honda,Civic,11988.0,2012,84552,4 Cyl,Gray,Unspecified,Automatic,FWD,28,38,Used
Honda,Civic,19481.0,2018,15121,4 Cyl,Black,Gray,Automatic,FWD,31,40,Used
Honda,Accord,20981.0,2018,7081,4 Cyl,Blue,Gray,Automatic,FWD,29,35,Used
Honda,Accord,20995.0,2017,54273,4 Cyl,Silver,Unspecified,Automatic,FWD,26,34,Used
Honda,Civic,23995.0,2018,17298,4 Cyl,White,Unspecified,Manual,FWD,28,38,Used
Honda,Civic,6666.0,2005,66138,4 Cyl,Beige,White,Automatic,FWD,25,34,Used
Honda,Accord,18798.0,2017,29000,4 Cyl,White,Black,Automatic,FWD,26,34,Used
Honda,CR-V,11995.0,2012,92344,4 Cyl,Green,Black,Automatic,FWD,23,30,Used
Honda,Ridgeline,19500.0,2014,110890,6 Cyl,Black,Black,Automatic,4WD,16,21,Used
Honda,Civic,11499.0,2015,56724,4 Cyl,Blue,Black,Automatic,FWD,29,37,Used
Honda,Civic,7480.0,2010,112060,4 Cyl,Gray,Gray,Automatic,FWD,25,36,Used
Honda,Odyssey,15598.0,2012,112000,6 Cyl,White,Gray,Automatic,FWD,18,27,Used
Honda,Civic,21995.0,2018,7901,4 Cyl,White,Black,Automatic,FWD,31,40,Used
Honda,Accord,16348.0,2014,44768,4 Cyl,White,White,Automatic,FWD,26,33,Used
Honda,Pilot,11499.0,2011,131625,6 Cyl,White,Gray,Automatic,FWD,17,23,Used
Honda,Civic,16985.0,2016,18943,4 Cyl,Red,Unspecified,Automatic,FWD,30,40,Used
Honda,Civic,20995.0,2018,27225,4 Cyl,White,Black,Manual,FWD,28,38,Used
Honda,Civic,9978.0,2010,140685,4 Cyl,Blue,Black,Manual,FWD,21,29,Used
Honda,Civic,13995.0,2013,76036,4 Cyl,Silver,Unspecified,Manual,FWD,22,31,Used
Honda,Element,8995.0,2008,145025,4 Cyl,Burgundy,Black,Automatic,FWD,20,25,Used
Honda,Accord,17976.0,2016,43639,4 Cyl,Unspecified,Unspecified,Automatic,FWD,26,34,Used
Honda,CR-V,10995.0,2011,117670,4 Cyl,Gray,Gray,Automatic,4WD,21,27,Used
Honda,Accord,17995.0,2016,36879,4 Cyl,White,Black,Automatic,FWD,26,34,Used
Honda,Accord,18399.0,2017,41098,4 Cyl,Gray,Unspecified,Automatic,FWD,26,34,Used
Honda,Civic,5570.0,2010,146436,4 Cyl,Blue,Gray,Manual,FWD,26,34,Used
Honda,Civic,15481.0,2015,85207,4 Cyl,White,Black,Manual,FWD,22,31,Used
Honda,Odyssey,7995.0,2005,98655,6 Cyl,Blue,Gray,Automatic,FWD,17,23,Used
Honda,CR-V,13708.0,2012,129036,4 Cyl,Black,Black,Automatic,AWD,22,29,Used
Honda,Odyssey,5995.0,2005,146345,6 Cyl,Blue,Gray,Automatic,FWD,17,23,Used
Honda,CR-V,13708.0,2012,129036,4 Cyl,Black,Black,Automatic,AWD,22,29,Used
Honda,Civic,16499.0,2017,31829,4 Cyl,Black,Tan,Automatic,FWD,31,40,Used
Honda,Accord,9995.0,2012,119383,4 Cyl,Silver,Gray,Automatic,FWD,22,33,Used
Honda,Ridgeline,11995.0,2006,109821,6 Cyl,Silver,Gray,Automatic,4WD,15,20,Used
Honda,CR-V,3975.0,2001,178975,4 Cyl,Silver,Black,Automatic,4WD,19,23,Used
Honda,Odyssey,16997.0,2013,84000,6 Cyl,White,Gray,Automatic,FWD,18,27,Used
Honda,Accord,8595.0,2011,117805,4 Cyl,White,Tan,Automatic,FWD,22,33,Used
Honda,Civic,20489.0,2019,4209,4 Cyl,Black,Black,Automatic,FWD,29,37,Used
Honda,Civic,20988.0,2017,25838,4 Cyl,White,Black,Manual,FWD,28,38,Used
Honda,Fit,13995.0,2016,47378,4 Cyl,Gray,Black,Automatic,FWD,32,37,Used
Honda,Accord,20988.0,2017,23268,4 Cyl,Silver,Unspecified,Automatic,FWD,26,34,Used
Honda,CR-V,14995.0,2014,75301,4 Cyl,White,Unspecified,Automatic,FWD,23,30,Used
Honda,Accord,20988.0,2017,0,4 Cyl,White,Black,Automatic,FWD,26,34,Used
Honda,CR-V,11500.0,2013,104702,4 Cyl,Silver,Black,Automatic,FWD,23,30,Used
Honda,Accord,23996.0,2018,10022,4 Cyl,Blue,Black,Automatic,FWD,29,35,Used
Honda,Odyssey,17988.0,2014,65408,6 Cyl,Gray,Tan,Automatic,FWD,19,27,Used
Honda,Accord,14803.0,2016,59464,4 Cyl,Black,Black,Automatic,FWD,26,34,Used
Honda,Accord,29995.0,2018,4041,4 Cyl,Red,White,Automatic,FWD,29,35,Used
Honda,Accord,17883.0,2016,40536,4 Cyl,Red,Black,Automatic,FWD,26,34,Used
Honda,Accord,0.0,2013,89741,4 Cyl,Gold,Unspecified,Automatic,FWD,26,34,Used
Honda,Civic,4997.0,2002,105901,4 Cyl,Blue,Gray,Automatic,FWD,26,34,Used
Honda,Civic,8444.0,2012,149414,4 Cyl,Blue,Tan,Automatic,FWD,28,38,Used
Honda,CR-V,25455.0,2019,4560,4 Cyl,Blue,Gray,Automatic,AWD,25,31,Used
Honda,Pilot,16595.0,2013,107121,6 Cyl,Silver,Gray,Automatic,FWD,18,25,Used
Honda,Civic,10995.0,2015,92295,4 Cyl,Silver,Gray,Automatic,FWD,29,37,Used
Honda,CR-V,20990.0,2018,24411,4 Cyl,Red,Tan,Automatic,FWD,26,32,Used
Honda,Accord,13595.0,2014,97640,4 Cyl,Gray,Black,Automatic,FWD,26,33,Used
Honda,Accord,8598.0,2006,61000,4 Cyl,Silver,Gray,Automatic,FWD,21,31,Used
Honda,Civic,12995.0,2015,45005,4 Cyl,Black,Gray,Automatic,FWD,29,37,Used
Honda,Pilot,16595.0,2013,107121,6 Cyl,Silver,Gray,Automatic,FWD,18,25,Used
Honda,CR-V,25455.0,2019,4560,4 Cyl,Blue,Gray,Automatic,AWD,25,31,Used
Honda,Accord,11976.0,2014,117357,4 Cyl,Gray,Unspecified,Automatic,FWD,26,33,Used
Honda,Civic,10995.0,2015,92295,4 Cyl,Silver,Gray,Automatic,FWD,29,37,Used
Honda,Accord,22555.0,2015,25070,6 Cyl,Gray,Gray,Automatic,FWD,21,31,Used
Honda,CR-V,21898.0,2017,25791,4 Cyl,Red,Gray,Automatic,AWD,25,31,Used
Honda,Accord,9999.0,2014,137587,4 Cyl,White,Tan,Automatic,FWD,26,33,Used
Honda,Accord,18355.0,2017,47110,4 Cyl,Gray,Black,Automatic,FWD,26,34,Used
Honda,Odyssey,12555.0,2013,119630,6 Cyl,Gray,Tan,Automatic,FWD,18,27,Used
Honda,Civic,8991.0,2006,46162,4 Cyl,Gray,Unspecified,Automatic,FWD,26,36,Used
Honda,Civic,9855.0,2012,118152,4 Cyl,Black,Gray,Automatic,FWD,28,38,Used
Honda,Accord,19555.0,2017,60441,4 Cyl,White,White,Automatic,FWD,26,34,Used
Honda,HR-V,17300.0,2016,35717,4 Cyl,Black,Unspecified,Automatic,FWD,28,34,Used
Honda,Civic,19555.0,2017,38320,4 Cyl,Black,Black,Automatic,FWD,31,40,Used
Honda,Accord,17898.0,2015,38988,4 Cyl,White,Black,Automatic,FWD,26,34,Used
Honda,Civic,16995.0,2015,61792,4 Cyl,White,Black,Manual,FWD,22,31,Used
Honda,Civic,16955.0,2017,46740,4 Cyl,White,Tan,Automatic,FWD,31,40,Used
Honda,Fit,6988.0,2009,129574,4 Cyl,Red,Black,Manual,FWD,27,33,Used
Honda,Insight,11588.0,2013,77600,4 Cyl,Gray,Gray,Automatic,FWD,40,42,Used
Honda,Civic,13650.0,2017,36767,4 Cyl,Gray,Black,Automatic,FWD,31,40,Used
Honda,Civic,7500.0,2010,130198,4 Cyl,Blue,Black,Automatic,FWD,25,36,Used
Honda,Pilot,14889.0,2012,128513,6 Cyl,Silver,Gray,Automatic,4WD,17,24,Used
Honda,Civic,18889.0,2017,21449,4 Cyl,Silver,Gray,Automatic,FWD,31,40,Used
Honda,Civic,6499.0,2005,105860,4 Cyl,Beige,White,Automatic,FWD,25,34,Used
Honda,CR-V,8808.0,2009,159651,4 Cyl,Black,Black,Automatic,4WD,20,26,Used
Honda,Element,7495.0,2004,160112,4 Cyl,Unspecified,Unspecified,Automatic,4WD,19,23,Used
Honda,HR-V,15988.0,2017,54056,4 Cyl,Black,Black,Manual,FWD,25,33,Used
Honda,Civic,16857.0,2017,25549,4 Cyl,Gray,Unspecified,Automatic,FWD,31,40,Used
Honda,CR-Z,9889.0,2011,61367,4 Cyl,Silver,Gray,Automatic,FWD,34,38,Used
Honda,Ridgeline,12995.0,2008,134454,6 Cyl,White,Tan,Automatic,4WD,15,20,Used
Honda,Accord,10597.0,2013,133000,4 Cyl,Gray,Black,Automatic,FWD,26,34,Used
Honda,Civic,17999.0,2018,24896,4 Cyl,Gray,Black,Automatic,FWD,31,40,Used
Honda,Accord,19995.0,2016,45809,4 Cyl,Gray,Unspecified,Automatic,FWD,26,34,Used
Honda,Accord,21009.0,2017,28650,4 Cyl,Black,Black,Automatic,FWD,26,34,Used
Honda,Fit,10999.0,2012,68255,4 Cyl,Red,Black,Automatic,FWD,27,33,Used
Honda,Civic,7800.0,2009,148721,4 Cyl,Silver,Gray,Automatic,FWD,25,36,Used
Honda,Accord,19994.0,2017,59393,6 Cyl,Black,Black,Automatic,FWD,21,32,Used
Honda,Element,12252.0,2009,131440,4 Cyl,Blue,Gray,Automatic,FWD,20,25,Used
Honda,Civic,3750.0,2004,155360,4 Cyl,Black,Gray,Automatic,FWD,25,34,Used
Honda,Accord,9995.0,2011,103113,4 Cyl,Unspecified,Unspecified,Automatic,FWD,22,33,Used
Honda,CR-V,6800.0,2006,134200,4 Cyl,Silver,Black,Automatic,FWD,20,26,Used
Honda,Fit,7970.0,2013,117219,4 Cyl,Turquoise,Black,Automatic,FWD,27,33,Used
Honda,Civic,13350.0,2015,75600,4 Cyl,White,Gray,Automatic,FWD,43,45,Used
Honda,Civic,6988.0,2004,94184,4 Cyl,Black,Unspecified,Automatic,FWD,25,34,Used
Honda,Odyssey,28660.0,2016,41944,6 Cyl,Brown,Brown,Automatic,FWD,19,27,Used
Honda,Odyssey,34988.0,2017,29183,6 Cyl,Black,Unspecified,Automatic,FWD,19,27,Used
Honda,Accord,8298.0,2012,137000,4 Cyl,Gray,Gray,Automatic,FWD,22,33,Used
Honda,Civic,2988.0,2008,176744,4 Cyl,Gray,Gray,Automatic,FWD,25,36,Used
Honda,Civic,9988.0,2013,101600,4 Cyl,Black,Black,Automatic,FWD,28,39,Used
Honda,Accord,13388.0,2013,89292,4 Cyl,Red,Black,Automatic,FWD,26,34,Used
Honda,Civic,13900.0,2015,48396,4 Cyl,Black,Black,Automatic,FWD,29,37,Used
Honda,HR-V,23999.0,2018,18349,4 Cyl,Gray,Black,Automatic,AWD,27,31,Used
Honda,Pilot,21900.0,2014,66011,6 Cyl,White,Unspecified,Automatic,4WD,17,24,Used
Honda,Accord,18900.0,2017,51813,4 Cyl,Silver,Unspecified,Automatic,FWD,26,34,Used
Honda,Accord,20385.0,2017,27624,4 Cyl,Blue,Black,Automatic,FWD,26,34,Used
Honda,Accord,3995.0,2007,172170,4 Cyl,Gray,Black,Manual,FWD,23,31,Used
Honda,Pilot,20480.0,2016,53044,6 Cyl,Black,Black,Automatic,FWD,19,27,Used
Honda,Pilot,32441.0,2016,44009,6 Cyl,Silver,Gray,Automatic,AWD,18,25,Used
Honda,Pilot,9500.0,2009,157390,6 Cyl,Silver,Gray,Automatic,FWD,17,23,Used
Honda,Accord,8570.0,2010,126367,4 Cyl,Black,Tan,Automatic,FWD,21,31,Used
Honda,Odyssey,16999.0,2014,54916,6 Cyl,Silver,Gray,Automatic,FWD,19,27,Used
Honda,Pilot,11371.0,2011,140661,6 Cyl,Gray,Gray,Automatic,FWD,17,23,Used
Honda,Accord,13998.0,2013,69000,4 Cyl,Gray,Gray,Automatic,FWD,26,34,Used
Honda,Civic,13995.0,2016,65822,4 Cyl,Red,Black,Automatic,FWD,30,40,Used
Honda,Ridgeline,18985.0,2013,88176,6 Cyl,Black,Black,Automatic,4WD,16,21,Used
Honda,HR-V,14598.0,2016,77000,4 Cyl,Green,Black,Automatic,FWD,28,34,Used
Honda,Accord,17995.0,2017,45051,4 Cyl,Gray,Black,Automatic,FWD,26,34,Used
Honda,Odyssey,27998.0,2017,17020,6 Cyl,White,Gray,Automatic,FWD,19,27,Used
Honda,Fit,15870.0,2017,37165,4 Cyl,Yellow,Black,Automatic,FWD,32,37,Used
Honda,HR-V,17977.0,2016,57689,4 Cyl,Green,Unspecified,Automatic,FWD,28,34,Used
Honda,Accord,16990.0,2016,61931,4 Cyl,Black,Black,Automatic,FWD,26,34,Used
Honda,Civic,14486.0,2013,95116,4 Cyl,Blue,Black,Manual,FWD,22,31,Used
Honda,Accord,19991.0,2017,34873,4 Cyl,Blue,Black,Automatic,FWD,26,34,Used
Honda,Pilot,27663.0,2017,35842,6 Cyl,Unspecified,Unspecified,Automatic,AWD,18,26,Used
Honda,CR-V,9955.0,2008,93412,4 Cyl,Blue,Black,Automatic,FWD,20,27,Used
Honda,Civic,3750.0,2005,171129,4 Cyl,Gray,Black,Manual,FWD,27,34,Used
Honda,CR-V,14900.0,2016,81999,4 Cyl,Gray,Unspecified,Automatic,FWD,26,32,Used
Honda,Accord,21900.0,2018,14549,4 Cyl,Silver,Unspecified,Automatic,FWD,29,35,Used
Honda,Accord,15998.0,2015,112886,6 Cyl,Black,Black,Automatic,FWD,21,31,Used
Honda,Accord,11595.0,2014,101586,4 Cyl,Blue,Gray,Automatic,FWD,26,33,Used
Honda,Accord,14476.0,2014,85809,4 Cyl,Green,Black,Automatic,FWD,26,33,Used
Honda,Fit,16746.0,2017,15302,4 Cyl,White,Black,Manual,FWD,29,36,Used
Honda,Civic,13991.0,2016,73834,4 Cyl,Silver,Unspecified,Automatic,FWD,30,40,Used
Honda,CR-V,21070.0,2016,57325,4 Cyl,Black,Black,Automatic,AWD,25,31,Used
Honda,Civic,10595.0,2015,101640,4 Cyl,Gray,Gray,Automatic,FWD,29,37,Used
Honda,Civic,11291.0,2015,107845,4 Cyl,Green,Tan,Automatic,FWD,43,45,Used
Honda,Civic,7595.0,2011,152725,4 Cyl,Gray,Gray,Automatic,FWD,25,35,Used
Honda,Odyssey,14888.0,2012,106470,6 Cyl,Gray,Unspecified,Automatic,FWD,18,27,Used
Honda,Civic,10570.0,2012,112898,4 Cyl,Burgundy,Black,Automatic,FWD,28,38,Used
Honda,Accord,12660.0,2014,135211,6 Cyl,White,Tan,Automatic,FWD,21,31,Used
Honda,Pilot,28997.0,2017,50821,6 Cyl,White,Black,Automatic,AWD,18,26,Used
Honda,CR-V,11998.0,2013,198325,4 Cyl,Silver,Unspecified,Automatic,AWD,22,29,Used
Honda,Pilot,6488.0,2004,162771,6 Cyl,White,Gray,Automatic,4WD,15,21,Used
Honda,Civic,6918.0,2006,127082,4 Cyl,Black,Tan,Automatic,FWD,26,36,Used
Honda,Civic,9798.0,2013,92243,4 Cyl,Silver,Black,Automatic,FWD,28,39,Used
Honda,Civic,11588.0,2013,84100,4 Cyl,White,Tan,Automatic,FWD,43,44,Used
Honda,Accord,8750.0,2011,130737,4 Cyl,Black,Black,Automatic,FWD,22,33,Used
Honda,Accord,9995.0,2008,53492,4 Cyl,Black,Black,Automatic,FWD,21,30,Used
Honda,Pilot,16495.0,2011,82233,6 Cyl,Unspecified,Unspecified,Automatic,4WD,16,22,Used
Honda,Insight,8888.0,2014,102815,4 Cyl,White,Gray,Automatic,FWD,40,42,Used
Honda,CR-V,0.0,2014,135160,4 Cyl,Blue,Unspecified,Automatic,FWD,23,30,Used
Honda,Fit,8706.0,2010,70741,4 Cyl,Gray,Gray,Automatic,FWD,27,33,Used
Honda,CR-V,14595.0,2012,48530,4 Cyl,Brown,Gray,Automatic,FWD,23,30,Used
Honda,CR-V,0.0,2017,85953,4 Cyl,Black,Unspecified,Automatic,FWD,28,34,Used
Honda,Civic,0.0,2017,54648,4 Cyl,Gray,Unspecified,Automatic,FWD,31,40,Used
Honda,CR-V,0.0,2006,107442,4 Cyl,Red,Unspecified,Automatic,FWD,20,26,Used
Honda,Civic,0.0,2016,44895,4 Cyl,White,Unspecified,Automatic,FWD,31,42,Used
Honda,Accord,14999.0,2016,93000,4 Cyl,White,Black,Automatic,FWD,26,34,Used
Honda,Accord,9999.0,2013,122000,4 Cyl,Black,Black,Automatic,FWD,26,34,Used
Honda,Civic,14481.0,2015,18890,4 Cyl,Silver,Black,Automatic,FWD,29,37,Used
Honda,CR-V,8595.0,2007,127071,4 Cyl,Black,Gray,Automatic,FWD,20,27,Used
Honda,Civic,8595.0,2013,99568,4 Cyl,Black,Gray,Automatic,FWD,28,39,Used
Honda,Civic,9555.0,2014,146588,4 Cyl,Gray,Black,Automatic,FWD,29,37,Used
Honda,Pilot,15993.0,2011,71682,6 Cyl,Beige,Tan,Automatic,FWD,17,23,Used
Honda,Pilot,17995.0,2012,94183,6 Cyl,Silver,Black,Automatic,FWD,18,25,Used
Honda,Civic,17500.0,2018,16964,4 Cyl,White,Tan,Automatic,FWD,31,40,Used
Honda,Accord,13995.0,2014,89660,4 Cyl,Beige,Tan,Automatic,FWD,26,33,Used
Honda,CR-V,12555.0,2014,120580,4 Cyl,Silver,Gray,Automatic,AWD,22,29,Used
Honda,Civic,21000.0,2019,5195,4 Cyl,Blue,Black,Automatic,FWD,29,37,Used
Honda,Civic,6988.0,2009,151600,4 Cyl,Gray,Gray,Automatic,FWD,25,36,Used
Honda,Odyssey,12999.0,2010,0,6 Cyl,Silver,Unspecified,Automatic,FWD,16,23,Used
Honda,Accord,12485.0,2014,84104,4 Cyl,Unspecified,Unspecified,Automatic,FWD,26,33,Used
Honda,Accord,9697.0,2009,103900,6 Cyl,White,Brown,Automatic,FWD,19,29,Used
Honda,Accord,4499.0,2006,157122,4 Cyl,Gold,Gray,Automatic,FWD,21,31,Used
Honda,Civic,19999.0,2016,27634,4 Cyl,Red,Black,Automatic,FWD,31,42,Used
Honda,CR-V,15998.0,2014,37115,4 Cyl,Gray,Gray,Automatic,FWD,23,30,Used
Honda,HR-V,19995.0,2016,54871,4 Cyl,Black,Unspecified,Automatic,AWD,27,32,Used
Honda,Accord,13995.0,2012,88232,6 Cyl,Blue,Unspecified,Automatic,FWD,20,30,Used
Honda,Civic,18488.0,2018,8336,4 Cyl,Red,Tan,Automatic,FWD,31,40,Used
Honda,Odyssey,19523.0,2017,40220,6 Cyl,Silver,Gray,Automatic,FWD,19,27,Used
Honda,Civic,19917.0,2018,4930,4 Cyl,Black,Black,Automatic,FWD,30,39,Used
Honda,CR-V,14999.0,2014,82463,4 Cyl,Black,Unspecified,Automatic,FWD,23,30,Used
Honda,Odyssey,23999.0,2016,56854,6 Cyl,Gray,Unspecified,Automatic,FWD,19,27,Used
Honda,Accord,15889.0,2016,81461,4 Cyl,Black,Black,Automatic,FWD,26,34,Used
Honda,Pilot,18988.0,2014,87099,6 Cyl,Red,Tan,Automatic,FWD,18,25,Used
Honda,Civic,18988.0,2017,44504,4 Cyl,Blue,Black,Automatic,FWD,31,40,Used
Honda,CR-V,21990.0,2015,46325,4 Cyl,Silver,Unspecified,Automatic,FWD,27,33,Used
Honda,Odyssey,35205.0,2019,6693,6 Cyl,Black,Tan,Automatic,FWD,19,28,Used
Honda,Accord,12597.0,2013,123011,6 Cyl,Gray,Black,Automatic,FWD,21,31,Used
Honda,Accord,22805.0,2016,9360,6 Cyl,White,Unspecified,Automatic,FWD,21,33,Used
Honda,Civic,4500.0,2005,168579,4 Cyl,Beige,Tan,Automatic,FWD,39,42,Used
Honda,Civic,11888.0,2013,122252,4 Cyl,Black,Black,Manual,FWD,22,31,Used
Honda,Accord,16988.0,2015,53198,4 Cyl,White,Black,Automatic,FWD,26,34,Used
Honda,CR-V,0.0,2015,41350,4 Cyl,Red,Unspecified,Automatic,FWD,27,33,Used
Honda,Civic,5599.0,2010,166424,4 Cyl,Blue,Gray,Automatic,FWD,25,36,Used
Honda,Civic,0.0,2018,26097,4 Cyl,Black,Unspecified,Manual,FWD,28,38,Used
Honda,Civic,19980.0,2017,27684,4 Cyl,White,Black,Automatic,FWD,31,40,Used
Honda,Accord,7985.0,2011,152543,6 Cyl,Black,Black,Automatic,FWD,20,30,Used
Honda,Accord,14499.0,2016,46719,4 Cyl,White,Tan,Automatic,FWD,26,34,Used
Honda,Ridgeline,25995.0,2017,36036,6 Cyl,Silver,Black,Automatic,FWD,19,26,Used
Honda,Civic,9995.0,2013,100517,4 Cyl,Silver,Gray,Automatic,FWD,28,39,Used
Honda,Pilot,14995.0,2010,81085,6 Cyl,Gray,Gray,Automatic,4WD,16,22,Used
Honda,Accord,12659.0,2011,69502,6 Cyl,Black,Black,Automatic,FWD,19,29,Used
Honda,Odyssey,25134.0,2014,37824,6 Cyl,White,Tan,Automatic,FWD,19,27,Used
Honda,Insight,22999.0,2019,8725,4 Cyl,Unspecified,Unspecified,Automatic,FWD,55,49,Used
Honda,CR-V,10800.0,2014,141128,4 Cyl,White,Gray,Automatic,FWD,23,30,Used
Honda,Civic,8499.0,2012,88996,4 Cyl,Silver,Gray,Automatic,FWD,28,38,Used
Honda,CR-V,12395.0,2011,107467,4 Cyl,Unspecified,Unspecified,Automatic,4WD,21,27,Used
Honda,CR-V,14487.0,2014,67299,4 Cyl,White,Unspecified,Automatic,FWD,23,30,Used
Honda,Odyssey,22481.0,2016,32407,6 Cyl,Gray,Gray,Automatic,FWD,19,27,Used
Honda,Civic,12595.0,2015,75472,4 Cyl,White,Gray,Automatic,FWD,29,37,Used
Honda,Civic,9995.0,2013,83188,4 Cyl,White,Brown,Automatic,FWD,28,39,Used
Honda,Accord,12995.0,2016,111795,4 Cyl,Black,Black,Automatic,FWD,26,34,Used
Honda,Civic,14485.0,2013,92368,4 Cyl,Black,Black,Manual,FWD,22,31,Used
Honda,Civic,4995.0,2001,99065,4 Cyl,White,Gray,Automatic,FWD,26,34,Used
Honda,CR-V,8495.0,2009,153606,4 Cyl,Black,Black,Automatic,4WD,20,26,Used
Honda,Civic,16995.0,2018,49608,4 Cyl,Black,Black,Automatic,FWD,31,40,Used
Honda,CR-V,0.0,2015,51541,4 Cyl,White,Unspecified,Automatic,FWD,27,33,Used
Honda,Accord,0.0,2018,48372,4 Cyl,White,Unspecified,Automatic,FWD,29,35,Used
Honda,CR-V,0.0,2012,38642,4 Cyl,White,Unspecified,Automatic,FWD,23,30,Used
Honda,Pilot,26595.0,2017,38489,6 Cyl,White,Gray,Automatic,FWD,19,27,Used
Honda,Accord,8995.0,2009,149278,4 Cyl,Silver,Black,Automatic,FWD,21,30,Used
Honda,Civic,13995.0,2016,68771,4 Cyl,Black,Black,Automatic,FWD,30,40,Used
Honda,CR-V,6500.0,2007,166602,4 Cyl,Silver,Black,Automatic,FWD,20,27,Used
Honda,Odyssey,8889.0,2008,92800,6 Cyl,Gray,Gray,Automatic,FWD,16,23,Used
Honda,Accord,21995.0,2018,4303,4 Cyl,Blue,Gray,Automatic,FWD,29,35,Used
Honda,Pilot,32888.0,2017,37924,6 Cyl,Unspecified,Tan,Automatic,AWD,18,26,Used
Honda,Civic,15999.0,2016,44829,4 Cyl,Silver,Black,Automatic,FWD,30,40,Used
Honda,CR-V,8999.0,2009,138738,4 Cyl,Silver,Gray,Automatic,4WD,20,26,Used
Honda,Civic,4888.0,2008,143678,4 Cyl,Silver,Gray,Automatic,FWD,24,36,Used
Honda,Accord,11999.0,2009,0,4 Cyl,Unspecified,Black,Automatic,FWD,21,30,Used
Honda,Civic,15999.0,2015,0,4 Cyl,White,Unspecified,Automatic,FWD,29,37,Used
Honda,Accord,13995.0,2015,94163,4 Cyl,Gray,Black,Automatic,FWD,26,34,Used
Honda,Accord,18999.0,2017,19773,4 Cyl,Red,Unspecified,Automatic,FWD,26,34,Used
Honda,Accord,16989.0,2015,48443,4 Cyl,White,Unspecified,Automatic,FWD,26,34,Used
Honda,Odyssey,11988.0,2011,133408,6 Cyl,Silver,Gray,Automatic,FWD,18,27,Used
Honda,Civic,12995.0,2014,69969,4 Cyl,Brown,Gray,Automatic,FWD,29,37,Used
Honda,Accord,27988.0,2018,4087,4 Cyl,Red,White,Automatic,FWD,23,34,Used
Honda,Civic,14995.0,2017,62273,4 Cyl,Silver,Black,Automatic,FWD,31,40,Used
Honda,Accord,26995.0,2018,4711,4 Cyl,Black,Black,Automatic,FWD,29,35,Used
Honda,CR-V,26888.0,2017,7711,4 Cyl,Blue,Gray,Automatic,FWD,28,34,Used
Honda,Civic,4488.0,2007,195219,4 Cyl,Blue,Gray,Automatic,FWD,40,45,Used
Honda,Pilot,3299.0,2004,228309,6 Cyl,Blue,Gray,Automatic,4WD,15,21,Used
Honda,Odyssey,32427.0,2019,25333,6 Cyl,Black,Tan,Automatic,FWD,19,28,Used
Honda,Civic,10750.0,2013,88330,4 Cyl,Gray,Gray,Automatic,FWD,28,39,Used
Honda,Accord,17999.0,2016,43492,4 Cyl,Brown,Unspecified,Automatic,FWD,26,34,Used
Honda,Accord,11998.0,2013,133001,4 Cyl,Silver,Unspecified,Automatic,FWD,26,34,Used
Honda,CR-V,15999.0,2012,76714,4 Cyl,Unspecified,Unspecified,Automatic,AWD,22,29,Used
Honda,Accord,15988.0,2015,65260,4 Cyl,Gray,Unspecified,Automatic,FWD,26,34,Used
Honda,Civic,0.0,2016,0,4 Cyl,Unspecified,Unspecified,Automatic,FWD,31,41,Used
Honda,Civic,0.0,2015,69401,4 Cyl,Black,Unspecified,Automatic,FWD,29,37,Used
Honda,Civic,0.0,2004,0,4 Cyl,Silver,Unspecified,Automatic,FWD,25,34,Used
Honda,Accord,0.0,2013,79898,4 Cyl,Red,Unspecified,Automatic,FWD,26,34,Used
Honda,Civic,0.0,2014,93392,4 Cyl,Gray,Black,Automatic,FWD,29,37,Used
Honda,Civic,0.0,2016,41994,4 Cyl,Unspecified,Unspecified,Automatic,FWD,30,40,Used
Honda,S2000,16487.0,2004,123058,4 Cyl,Blue,Black,Manual,RWD,17,23,Used
Honda,Civic,10250.0,2013,91200,4 Cyl,Brown,Tan,Automatic,FWD,28,39,Used
Honda,S2000,15987.0,2002,120554,4 Cyl,White,Black,Manual,RWD,18,24,Used
Honda,Civic,5987.0,2008,162514,4 Cyl,Silver,Gray,Automatic,FWD,25,36,Used
Honda,Odyssey,7250.0,2006,114200,6 Cyl,Gray,Tan,Automatic,FWD,17,23,Used
Honda,Accord,17999.0,2016,24703,4 Cyl,Silver,Unspecified,Automatic,FWD,26,34,Used
Honda,CR-V,0.0,2014,0,4 Cyl,Red,Unspecified,Automatic,AWD,22,29,Used
Honda,Civic,20950.0,2019,5309,4 Cyl,Silver,Black,Automatic,FWD,30,36,Used
Honda,CR-V,21950.0,2019,5928,4 Cyl,Blue,Gray,Automatic,FWD,26,32,Used
Honda,Civic,24450.0,2019,7336,4 Cyl,Silver,Black,Automatic,FWD,30,36,Used
Honda,Civic,16952.0,2017,13666,4 Cyl,Gray,Unspecified,Automatic,FWD,30,39,Used
Honda,Accord,24750.0,2019,4707,4 Cyl,Blue,Black,Automatic,FWD,29,35,Used
Honda,Civic,15954.0,2016,38134,4 Cyl,Black,Unspecified,Automatic,FWD,30,40,Used
Honda,CR-V,22950.0,2016,41829,4 Cyl,White,Tan,Automatic,FWD,26,32,Used
Honda,Accord,18950.0,2017,5373,4 Cyl,Silver,Black,Automatic,FWD,26,34,Used
Honda,CR-V,28950.0,2018,9578,4 Cyl,Black,Black,Automatic,AWD,27,33,Used
Honda,Civic,18750.0,2017,26750,4 Cyl,Gray,Black,Automatic,FWD,31,40,Used
Honda,CR-V,28450.0,2019,6781,4 Cyl,Silver,Gray,Automatic,FWD,28,34,Used
Honda,Odyssey,21967.0,2016,65537,6 Cyl,Gray,Unspecified,Automatic,FWD,19,27,Used
Honda,Accord,19979.0,2017,38588,4 Cyl,Gray,Unspecified,Automatic,FWD,26,34,Used
Honda,Accord,18950.0,2017,12961,4 Cyl,Gray,Black,Automatic,FWD,26,34,Used
Honda,Accord,20750.0,2017,35612,4 Cyl,White,Black,Automatic,FWD,26,34,Used
Honda,Pilot,25997.0,2017,28256,6 Cyl,White,Unspecified,Automatic,FWD,19,27,Used
Honda,Civic,15706.0,2017,46338,4 Cyl,White,Unspecified,Automatic,FWD,31,40,Used
Honda,Civic,17701.0,2018,25140,4 Cyl,White,Unspecified,Automatic,FWD,31,40,Used
Honda,Accord,20471.0,2017,23378,4 Cyl,Silver,Unspecified,Automatic,FWD,26,34,Used
Honda,CR-V,26388.0,2018,10421,4 Cyl,Gray,Unspecified,Automatic,FWD,28,34,Used
Honda,Civic,17244.0,2018,32253,4 Cyl,Gray,Unspecified,Automatic,FWD,31,40,Used
Honda,CR-V,15781.0,2016,93919,4 Cyl,Silver,Unspecified,Automatic,AWD,25,31,Used
Honda,CR-V,15152.0,2013,90450,4 Cyl,Black,Unspecified,Automatic,AWD,22,29,Used
Honda,Accord,24148.0,2018,25793,4 Cyl,Black,Unspecified,Automatic,FWD,29,35,Used
Honda,Odyssey,23104.0,2016,40636,6 Cyl,White,Unspecified,Automatic,FWD,19,27,Used
Honda,Civic,16971.0,2017,35429,4 Cyl,Gray,Unspecified,Automatic,FWD,31,40,Used
Honda,Civic,5900.0,2007,91900,4 Cyl,Unspecified,Unspecified,Automatic,FWD,25,36,Used
Honda,Civic,15980.0,2018,24783,4 Cyl,White,Unspecified,Automatic,FWD,31,40,Used
Honda,Pilot,29750.0,2017,27308,6 Cyl,Blue,Gray,Automatic,FWD,19,27,Used
Honda,Civic,19477.0,2016,34175,4 Cyl,Blue,Unspecified,Automatic,FWD,31,42,Used
Honda,Odyssey,18912.0,2016,84447,6 Cyl,Brown,Unspecified,Automatic,FWD,19,27,Used
Honda,Accord,17973.0,2017,74805,4 Cyl,White,Unspecified,Automatic,FWD,26,34,Used
Honda,Accord,8900.0,2009,69900,4 Cyl,Unspecified,Unspecified,Automatic,FWD,21,30,Used
Honda,Civic,20775.0,2018,25511,4 Cyl,White,Black,Automatic,FWD,32,42,Used
Honda,Fit,16950.0,2019,6849,4 Cyl,Black,Black,Automatic,FWD,31,36,Used
Honda,Civic,34995.0,2018,17399,4 Cyl,Blue,Red,Manual,FWD,22,28,Used
Honda,CR-V,17803.0,2015,70772,4 Cyl,Silver,Unspecified,Automatic,AWD,26,32,Used
Honda,CR-V,18422.0,2015,75561,4 Cyl,White,Unspecified,Automatic,AWD,26,32,Used
Honda,Accord,11958.0,2015,110335,4 Cyl,Gray,Unspecified,Automatic,FWD,26,34,Used
Honda,Ridgeline,24573.0,2017,38371,6 Cyl,Unspecified,Unspecified,Automatic,FWD,19,26,Used
Honda,Pilot,35414.0,2018,13470,6 Cyl,Silver,Unspecified,Automatic,FWD,19,27,Used
Honda,CR-V,14499.0,2015,73490,4 Cyl,Red,Gray,Automatic,FWD,27,33,Used
Honda,CR-V,28000.0,2018,9545,4 Cyl,White,Black,Automatic,AWD,27,33,Used
Honda,HR-V,19750.0,2018,11980,4 Cyl,Blue,Black,Automatic,FWD,28,34,Used
Honda,Civic,17500.0,2016,36380,4 Cyl,Blue,Black,Automatic,FWD,31,42,Used
Honda,Civic,18418.0,2016,50974,4 Cyl,Blue,Unspecified,Automatic,FWD,31,42,Used
Honda,CR-V,22950.0,2018,15071,4 Cyl,Gray,Black,Automatic,FWD,26,32,Used
Honda,CR-V,27000.0,2019,7685,4 Cyl,Gray,Black,Automatic,AWD,27,33,Used
Honda,Civic,21393.0,2017,23303,4 Cyl,Gray,Unspecified,Automatic,FWD,31,40,Used
Honda,Accord,17984.0,2017,54549,4 Cyl,White,Unspecified,Automatic,FWD,26,34,Used
Honda,Civic,16991.0,2017,43360,4 Cyl,White,Unspecified,Automatic,FWD,31,40,Used
Honda,Accord,20834.0,2018,11343,4 Cyl,Gray,Unspecified,Automatic,FWD,29,35,Used
Honda,Accord,22900.0,2018,13406,4 Cyl,Silver,Unspecified,Automatic,FWD,29,35,Used
Honda,Accord,23500.0,2018,12150,4 Cyl,Silver,Black,Automatic,FWD,29,35,Used
Honda,Accord,23950.0,2018,19523,4 Cyl,Gray,Black,Automatic,FWD,29,35,Used
Honda,Civic,14400.0,2016,31471,4 Cyl,Gray,Unspecified,Manual,FWD,27,38,Used
Honda,Ridgeline,28500.0,2017,32026,6 Cyl,Black,Black,Automatic,AWD,18,25,Used
Honda,CR-V,17997.0,2016,29879,4 Cyl,Gray,Gray,Automatic,FWD,26,32,Used
Honda,Pilot,25500.0,2016,40806,6 Cyl,Gray,Gray,Automatic,FWD,19,27,Used
Honda,Pilot,36279.0,2018,2024,6 Cyl,Green,Unspecified,Automatic,FWD,19,27,Used
Honda,CR-V,14587.0,2014,102399,4 Cyl,Gray,Gray,Automatic,AWD,22,29,Used
Honda,Pilot,23000.0,2016,70519,6 Cyl,White,Gray,Automatic,FWD,19,27,Used
Honda,Accord,17000.0,2015,44568,4 Cyl,Silver,Black,Automatic,FWD,26,34,Used
Honda,Accord,22900.0,2018,21689,4 Cyl,Black,Unspecified,Automatic,FWD,29,35,Used
Honda,CR-V,16397.0,2014,23928,4 Cyl,Silver,Gray,Automatic,FWD,23,30,Used
Honda,CR-V,17000.0,2015,38565,4 Cyl,Black,Black,Automatic,FWD,27,33,Used
Honda,Pilot,29900.0,2018,16977,6 Cyl,Gray,Unspecified,Automatic,FWD,19,27,Used
Honda,CR-V,27800.0,2018,33529,4 Cyl,Red,White,Automatic,AWD,27,33,Used
Honda,Accord,18000.0,2017,30049,4 Cyl,Gray,Black,Automatic,FWD,26,34,Used
Honda,Odyssey,25000.0,2016,25005,6 Cyl,Black,Gray,Automatic,FWD,19,27,Used
Honda,Civic,18500.0,2015,34085,4 Cyl,White,Black,Automatic,FWD,29,37,Used
Honda,CR-V,21987.0,2016,24285,4 Cyl,Black,Black,Automatic,AWD,25,31,Used
Honda,Fit,10997.0,2015,98515,4 Cyl,Red,Black,Automatic,FWD,32,37,Used
Honda,Accord,16000.0,2014,85989,4 Cyl,Silver,Black,Automatic,FWD,26,33,Used
Honda,Accord,18000.0,2017,29890,4 Cyl,Blue,Gray,Automatic,FWD,26,34,Used
Honda,Civic,14000.0,2014,70311,4 Cyl,White,Tan,Automatic,FWD,29,37,Used
Honda,Accord,18000.0,2017,24220,4 Cyl,Gray,Gray,Automatic,FWD,26,34,Used
Honda,Accord,18000.0,2017,37304,4 Cyl,Gray,Gray,Automatic,FWD,26,34,Used
Honda,Pilot,43000.0,2019,12676,6 Cyl,Black,Black,Automatic,AWD,18,26,Used
Honda,Civic,12000.0,2012,73040,4 Cyl,Red,Gray,Automatic,FWD,28,38,Used
Honda,Accord,17500.0,2016,36765,4 Cyl,Blue,Gray,Automatic,FWD,26,34,Used
Honda,Accord,12000.0,2013,135101,4 Cyl,White,White,Automatic,FWD,26,34,Used
Honda,Accord,20000.0,2017,35870,4 Cyl,Silver,Black,Automatic,FWD,26,34,Used
Honda,Fit,11500.0,2013,55327,4 Cyl,White,Black,Automatic,FWD,27,33,Used
Honda,Pilot,22000.0,2015,63715,6 Cyl,White,Gray,Automatic,FWD,18,25,Used
Honda,CR-V,23900.0,2016,20143,4 Cyl,Brown,Unspecified,Automatic,AWD,25,31,Used
Honda,Accord,20000.0,2017,39577,4 Cyl,Blue,Gray,Automatic,FWD,49,47,Used
Honda,Pilot,17532.0,2015,91735,6 Cyl,White,Gray,Automatic,FWD,18,25,Used
Honda,Civic,12888.0,2016,74880,4 Cyl,Black,Tan,Automatic,FWD,30,40,Used
Honda,CR-V,0.0,2010,67602,4 Cyl,White,Unspecified,Automatic,FWD,21,28,Used
Honda,Accord,14900.0,2015,73808,4 Cyl,White,Unspecified,Automatic,FWD,26,34,Used
Honda,Civic,13000.0,2012,40431,4 Cyl,Brown,Gray,Automatic,FWD,28,38,Used
Honda,Accord,18000.0,2017,32586,4 Cyl,Gray,Gray,Automatic,FWD,26,34,Used
Honda,CR-V,23987.0,2016,42184,4 Cyl,Unspecified,Unspecified,Automatic,AWD,25,31,Used
Honda,Accord,13987.0,2012,99202,4 Cyl,Black,Unspecified,Automatic,FWD,22,33,Used
Honda,Accord,17987.0,2014,0,4 Cyl,Unspecified,Unspecified,Automatic,FWD,47,46,Used
